energy,men,1,2,1,0,0,null,null
energy,men,3,5,1,0,0,null,null
energy,men,6,7,1,0,0,1350,null
energy,men,8,9,1,0,0,1600,null
energy,men,10,11,1,0,0,1950,null
energy,men,12,14,1,0,0,2300,null
energy,men,15,17,1,0,0,2500,null
energy,men,18,29,1,0,0,2300,null
energy,men,30,49,1,0,0,2300,null
energy,men,50,64,1,0,0,2200,null
energy,men,65,74,1,0,0,2050,null
energy,men,75,999,1,0,0,1800,null
energy,men,1,2,2,0,0,950,null
energy,men,3,5,2,0,0,1300,null
energy,men,6,7,2,0,0,1550,null
energy,men,8,9,2,0,0,1850,null
energy,men,10,11,2,0,0,2250,null
energy,men,12,14,2,0,0,2600,null
energy,men,15,17,2,0,0,2800,null
energy,men,18,29,2,0,0,2650,null
energy,men,30,49,2,0,0,2700,null
energy,men,50,64,2,0,0,2600,null
energy,men,65,74,2,0,0,2400,null
energy,men,75,999,2,0,0,2100,null
energy,men,1,2,3,0,0,null,null
energy,men,3,5,3,0,0,null,null
energy,men,6,7,3,0,0,1750,null
energy,men,8,9,3,0,0,2100,null
energy,men,10,11,3,0,0,2500,null
energy,men,12,14,3,0,0,2900,null
energy,men,15,17,3,0,0,3150,null
energy,men,18,29,3,0,0,3050,null
energy,men,30,49,3,0,0,3050,null
energy,men,50,64,3,0,0,2950,null
energy,men,65,74,3,0,0,2750,null
energy,men,75,999,3,0,0,null,null
energy,women,1,2,1,0,0,null,null
energy,women,3,5,1,0,0,null,null
energy,women,6,7,1,0,0,1250,null
energy,women,8,9,1,0,0,1500,null
energy,women,10,11,1,0,0,1850,null
energy,women,12,14,1,0,0,2150,null
energy,women,15,17,1,0,0,2050,null
energy,women,18,29,1,0,0,1700,null
energy,women,30,49,1,0,0,1750,null
energy,women,50,64,1,0,0,1650,null
energy,women,65,74,1,0,0,1550,null
energy,women,75,999,1,0,0,1400,null
energy,women,1,2,2,0,0,900,null
energy,women,3,5,2,0,0,1250,null
energy,women,6,7,2,0,0,1450,null
energy,women,8,9,2,0,0,1700,null
energy,women,10,11,2,0,0,2100,null
energy,women,12,14,2,0,0,2400,null
energy,women,15,17,2,0,0,2300,null
energy,women,18,29,2,0,0,2000,null
energy,women,30,49,2,0,0,2050,null
energy,women,50,64,2,0,0,1950,null
energy,women,65,74,2,0,0,1850,null
energy,women,75,999,2,0,0,1650,null
energy,women,1,2,3,0,0,null,null
energy,women,3,5,3,0,0,null,null
energy,women,6,7,3,0,0,1650,null
energy,women,8,9,3,0,0,1900,null
energy,women,10,11,3,0,0,2350,null
energy,women,12,14,3,0,0,2700,null
energy,women,15,17,3,0,0,2550,null
energy,women,18,29,3,0,0,2300,null
energy,women,30,49,3,0,0,2350,null
energy,women,50,64,3,0,0,2250,null
energy,women,65,74,3,0,0,2100,null
energy,women,75,999,3,0,0,null,null
protein,men,1,2,1,0,0,20,null
protein,men,3,5,1,0,0,25,null
protein,men,6,7,1,0,0,30,null
protein,men,8,9,1,0,0,40,null
protein,men,10,11,1,0,0,45,null
protein,men,12,14,1,0,0,60,null
protein,men,15,17,1,0,0,65,null
protein,men,18,29,1,0,0,65,null
protein,men,30,49,1,0,0,65,null
protein,men,50,64,1,0,0,65,null
protein,men,65,74,1,0,0,60,null
protein,men,75,999,1,0,0,60,null
protein,men,1,2,2,0,0,20,null
protein,men,3,5,2,0,0,25,null
protein,men,6,7,2,0,0,30,null
protein,men,8,9,2,0,0,40,null
protein,men,10,11,2,0,0,45,null
protein,men,12,14,2,0,0,60,null
protein,men,15,17,2,0,0,65,null
protein,men,18,29,2,0,0,65,null
protein,men,30,49,2,0,0,65,null
protein,men,50,64,2,0,0,65,null
protein,men,65,74,2,0,0,60,null
protein,men,75,999,2,0,0,60,null
protein,men,1,2,3,0,0,20,null
protein,men,3,5,3,0,0,25,null
protein,men,6,7,3,0,0,30,null
protein,men,8,9,3,0,0,40,null
protein,men,10,11,3,0,0,45,null
protein,men,12,14,3,0,0,60,null
protein,men,15,17,3,0,0,65,null
protein,men,18,29,3,0,0,65,null
protein,men,30,49,3,0,0,65,null
protein,men,50,64,3,0,0,65,null
protein,men,65,74,3,0,0,60,null
protein,men,75,999,3,0,0,60,null
protein,women,1,2,1,0,0,20,null
protein,women,3,5,1,0,0,25,null
protein,women,6,7,1,0,0,30,null
protein,women,8,9,1,0,0,40,null
protein,women,10,11,1,0,0,50,null
protein,women,12,14,1,0,0,55,null
protein,women,15,17,1,0,0,55,null
protein,women,18,29,1,0,0,50,null
protein,women,30,49,1,0,0,50,null
protein,women,50,64,1,0,0,50,null
protein,women,65,74,1,0,0,50,null
protein,women,75,999,1,0,0,50,null
protein,women,1,2,2,0,0,20,null
protein,women,3,5,2,0,0,25,null
protein,women,6,7,2,0,0,30,null
protein,women,8,9,2,0,0,40,null
protein,women,10,11,2,0,0,50,null
protein,women,12,14,2,0,0,55,null
protein,women,15,17,2,0,0,55,null
protein,women,18,29,2,0,0,50,null
protein,women,30,49,2,0,0,50,null
protein,women,50,64,2,0,0,50,null
protein,women,65,74,2,0,0,50,null
protein,women,75,999,2,0,0,50,null
protein,women,1,2,3,0,0,20,null
protein,women,3,5,3,0,0,25,null
protein,women,6,7,3,0,0,30,null
protein,women,8,9,3,0,0,40,null
protein,women,10,11,3,0,0,50,null
protein,women,12,14,3,0,0,55,null
protein,women,15,17,3,0,0,55,null
protein,women,18,29,3,0,0,50,null
protein,women,30,49,3,0,0,50,null
protein,women,50,64,3,0,0,50,null
protein,women,65,74,3,0,0,50,null
protein,women,75,999,3,0,0,50,null
fat,men,1,2,1,0,0,null,null
fat,men,3,5,1,0,0,null,null
fat,men,6,7,1,0,0,45.00,null
fat,men,8,9,1,0,0,53.33,null
fat,men,10,11,1,0,0,65.00,null
fat,men,12,14,1,0,0,76.67,null
fat,men,15,17,1,0,0,83.33,null
fat,men,18,29,1,0,0,76.67,null
fat,men,30,49,1,0,0,76.67,null
fat,men,50,64,1,0,0,73.33,null
fat,men,65,74,1,0,0,68.33,null
fat,men,75,999,1,0,0,60.00,null
fat,men,1,2,2,0,0,31.67,null
fat,men,3,5,2,0,0,43.33,null
fat,men,6,7,2,0,0,51.67,null
fat,men,8,9,2,0,0,61.67,null
fat,men,10,11,2,0,0,75.00,null
fat,men,12,14,2,0,0,86.67,null
fat,men,15,17,2,0,0,93.33,null
fat,men,18,29,2,0,0,88.33,null
fat,men,30,49,2,0,0,90.00,null
fat,men,50,64,2,0,0,86.67,null
fat,men,65,74,2,0,0,80.00,null
fat,men,75,999,2,0,0,70.00,null
fat,men,1,2,3,0,0,null,null
fat,men,3,5,3,0,0,null,null
fat,men,6,7,3,0,0,58.33,null
fat,men,8,9,3,0,0,70.00,null
fat,men,10,11,3,0,0,83.33,null
fat,men,12,14,3,0,0,96.67,null
fat,men,15,17,3,0,0,105.00,null
fat,men,18,29,3,0,0,101.67,null
fat,men,30,49,3,0,0,101.67,null
fat,men,50,64,3,0,0,98.33,null
fat,men,65,74,3,0,0,91.67,null
fat,men,75,999,3,0,0,null,null
fat,women,1,2,1,0,0,null,null
fat,women,3,5,1,0,0,null,null
fat,women,6,7,1,0,0,41.67,null
fat,women,8,9,1,0,0,50.00,null
fat,women,10,11,1,0,0,61.67,null
fat,women,12,14,1,0,0,71.67,null
fat,women,15,17,1,0,0,68.33,null
fat,women,18,29,1,0,0,56.67,null
fat,women,30,49,1,0,0,58.33,null
fat,women,50,64,1,0,0,55.00,null
fat,women,65,74,1,0,0,51.67,null
fat,women,75,999,1,0,0,46.67,null
fat,women,1,2,2,0,0,30.00,null
fat,women,3,5,2,0,0,41.67,null
fat,women,6,7,2,0,0,48.33,null
fat,women,8,9,2,0,0,56.67,null
fat,women,10,11,2,0,0,70.00,null
fat,women,12,14,2,0,0,80.00,null
fat,women,15,17,2,0,0,76.67,null
fat,women,18,29,2,0,0,66.67,null
fat,women,30,49,2,0,0,68.33,null
fat,women,50,64,2,0,0,65.00,null
fat,women,65,74,2,0,0,61.67,null
fat,women,75,999,2,0,0,55.00,null
fat,women,1,2,3,0,0,null,null
fat,women,3,5,3,0,0,null,null
fat,women,6,7,3,0,0,55.00,null
fat,women,8,9,3,0,0,63.33,null
fat,women,10,11,3,0,0,78.33,null
fat,women,12,14,3,0,0,90.00,null
fat,women,15,17,3,0,0,85.00,null
fat,women,18,29,3,0,0,76.67,null
fat,women,30,49,3,0,0,78.33,null
fat,women,50,64,3,0,0,75.00,null
fat,women,65,74,3,0,0,70.00,null
fat,women,75,999,3,0,0,null,null
fiber,men,1,2,1,0,0,null,null
fiber,men,3,5,1,0,0,8,null
fiber,men,6,7,1,0,0,10,null
fiber,men,8,9,1,0,0,11,null
fiber,men,10,11,1,0,0,13,null
fiber,men,12,14,1,0,0,17,null
fiber,men,15,17,1,0,0,19,null
fiber,men,18,29,1,0,0,21,null
fiber,men,30,49,1,0,0,21,null
fiber,men,50,64,1,0,0,21,null
fiber,men,65,74,1,0,0,20,null
fiber,men,75,999,1,0,0,20,null
fiber,men,1,2,2,0,0,null,null
fiber,men,3,5,2,0,0,8,null
fiber,men,6,7,2,0,0,10,null
fiber,men,8,9,2,0,0,11,null
fiber,men,10,11,2,0,0,13,null
fiber,men,12,14,2,0,0,17,null
fiber,men,15,17,2,0,0,19,null
fiber,men,18,29,2,0,0,21,null
fiber,men,30,49,2,0,0,21,null
fiber,men,50,64,2,0,0,21,null
fiber,men,65,74,2,0,0,20,null
fiber,men,75,999,2,0,0,20,null
fiber,men,1,2,3,0,0,null,null
fiber,men,3,5,3,0,0,8,null
fiber,men,6,7,3,0,0,10,null
fiber,men,8,9,3,0,0,11,null
fiber,men,10,11,3,0,0,13,null
fiber,men,12,14,3,0,0,17,null
fiber,men,15,17,3,0,0,19,null
fiber,men,18,29,3,0,0,21,null
fiber,men,30,49,3,0,0,21,null
fiber,men,50,64,3,0,0,21,null
fiber,men,65,74,3,0,0,20,null
fiber,men,75,999,3,0,0,20,null
fiber,women,1,2,1,0,0,null,null
fiber,women,3,5,1,0,0,8,null
fiber,women,6,7,1,0,0,10,null
fiber,women,8,9,1,0,0,11,null
fiber,women,10,11,1,0,0,13,null
fiber,women,12,14,1,0,0,17,null
fiber,women,15,17,1,0,0,18,null
fiber,women,18,29,1,0,0,18,null
fiber,women,30,49,1,0,0,18,null
fiber,women,50,64,1,0,0,18,null
fiber,women,65,74,1,0,0,17,null
fiber,women,75,999,1,0,0,17,null
fiber,women,1,2,2,0,0,null,null
fiber,women,3,5,2,0,0,8,null
fiber,women,6,7,2,0,0,10,null
fiber,women,8,9,2,0,0,11,null
fiber,women,10,11,2,0,0,13,null
fiber,women,12,14,2,0,0,17,null
fiber,women,15,17,2,0,0,18,null
fiber,women,18,29,2,0,0,18,null
fiber,women,30,49,2,0,0,18,null
fiber,women,50,64,2,0,0,18,null
fiber,women,65,74,2,0,0,17,null
fiber,women,75,999,2,0,0,17,null
fiber,women,1,2,3,0,0,null,null
fiber,women,3,5,3,0,0,8,null
fiber,women,6,7,3,0,0,10,null
fiber,women,8,9,3,0,0,11,null
fiber,women,10,11,3,0,0,13,null
fiber,women,12,14,3,0,0,17,null
fiber,women,15,17,3,0,0,18,null
fiber,women,18,29,3,0,0,18,null
fiber,women,30,49,3,0,0,18,null
fiber,women,50,64,3,0,0,18,null
fiber,women,65,74,3,0,0,17,null
fiber,women,75,999,3,0,0,17,null
carbohydrates,men,1,2,1,0,0,null,null
carbohydrates,men,3,5,1,0,0,null,null
carbohydrates,men,6,7,1,0,0,877.5,null
carbohydrates,men,8,9,1,0,0,1040,null
carbohydrates,men,10,11,1,0,0,1267.5,null
carbohydrates,men,12,14,1,0,0,1495,null
carbohydrates,men,15,17,1,0,0,1625,null
carbohydrates,men,18,29,1,0,0,1495,null
carbohydrates,men,30,49,1,0,0,1495,null
carbohydrates,men,50,64,1,0,0,1430,null
carbohydrates,men,65,74,1,0,0,1332.5,null
carbohydrates,men,75,999,1,0,0,1170,null
carbohydrates,men,1,2,2,0,0,null,null
carbohydrates,men,3,5,2,0,0,null,null
carbohydrates,men,6,7,2,0,0,1007.5,null
carbohydrates,men,8,9,2,0,0,1202.5,null
carbohydrates,men,10,11,2,0,0,1462.5,null
carbohydrates,men,12,14,2,0,0,1690,null
carbohydrates,men,15,17,2,0,0,1820,null
carbohydrates,men,18,29,2,0,0,1722.5,null
carbohydrates,men,30,49,2,0,0,1755,null
carbohydrates,men,50,64,2,0,0,1690,null
carbohydrates,men,65,74,2,0,0,1560,null
carbohydrates,men,75,999,2,0,0,1365,null
carbohydrates,men,1,2,3,0,0,null,null
carbohydrates,men,3,5,3,0,0,null,null
carbohydrates,men,6,7,3,0,0,1137.5,null
carbohydrates,men,8,9,3,0,0,1365,null
carbohydrates,men,10,11,3,0,0,1625,null
carbohydrates,men,12,14,3,0,0,1885,null
carbohydrates,men,15,17,3,0,0,2047.5,null
carbohydrates,men,18,29,3,0,0,1982.5,null
carbohydrates,men,30,49,3,0,0,1982.5,null
carbohydrates,men,50,64,3,0,0,1917.5,null
carbohydrates,men,65,74,3,0,0,1787.5,null
carbohydrates,men,75,999,3,0,0,null,null
carbohydrates,women,1,2,1,0,0,null,null
carbohydrates,women,3,5,1,0,0,null,null
carbohydrates,women,6,7,1,0,0,812.5,null
carbohydrates,women,8,9,1,0,0,975,null
carbohydrates,women,10,11,1,0,0,1202.5,null
carbohydrates,women,12,14,1,0,0,1397.5,null
carbohydrates,women,15,17,1,0,0,1332.5,null
carbohydrates,women,18,29,1,0,0,1105,null
carbohydrates,women,30,49,1,0,0,1137.5,null
carbohydrates,women,50,64,1,0,0,1072.5,null
carbohydrates,women,65,74,1,0,0,1007.5,null
carbohydrates,women,75,999,1,0,0,910,null
carbohydrates,women,1,2,2,0,0,null,null
carbohydrates,women,3,5,2,0,0,null,null
carbohydrates,women,6,7,2,0,0,942.5,null
carbohydrates,women,8,9,2,0,0,1105,null
carbohydrates,women,10,11,2,0,0,1365,null
carbohydrates,women,12,14,2,0,0,1560,null
carbohydrates,women,15,17,2,0,0,1495,null
carbohydrates,women,18,29,2,0,0,1300,null
carbohydrates,women,30,49,2,0,0,1332.5,null
carbohydrates,women,50,64,2,0,0,1267.5,null
carbohydrates,women,65,74,2,0,0,1202.5,null
carbohydrates,women,75,999,2,0,0,1072.5,null
carbohydrates,women,1,2,3,0,0,null,null
carbohydrates,women,3,5,3,0,0,null,null
carbohydrates,women,6,7,3,0,0,1072.5,null
carbohydrates,women,8,9,3,0,0,1235,null
carbohydrates,women,10,11,3,0,0,1527.5,null
carbohydrates,women,12,14,3,0,0,1755,null
carbohydrates,women,15,17,3,0,0,1657.5,null
carbohydrates,women,18,29,3,0,0,1495,null
carbohydrates,women,30,49,3,0,0,1527.5,null
carbohydrates,women,50,64,3,0,0,1462.5,null
carbohydrates,women,65,74,3,0,0,1365,null
carbohydrates,women,75,999,3,0,0,null,null
vitamin_a,men,1,2,1,0,0,400,null
vitamin_a,men,3,5,1,0,0,450,null
vitamin_a,men,6,7,1,0,0,400,null
vitamin_a,men,8,9,1,0,0,500,null
vitamin_a,men,10,11,1,0,0,600,null
vitamin_a,men,12,14,1,0,0,800,null
vitamin_a,men,15,17,1,0,0,900,null
vitamin_a,men,18,29,1,0,0,850,null
vitamin_a,men,30,49,1,0,0,900,null
vitamin_a,men,50,64,1,0,0,900,null
vitamin_a,men,65,74,1,0,0,850,null
vitamin_a,men,75,999,1,0,0,800,null
vitamin_a,men,1,2,2,0,0,400,null
vitamin_a,men,3,5,2,0,0,450,null
vitamin_a,men,6,7,2,0,0,400,null
vitamin_a,men,8,9,2,0,0,500,null
vitamin_a,men,10,11,2,0,0,600,null
vitamin_a,men,12,14,2,0,0,800,null
vitamin_a,men,15,17,2,0,0,900,null
vitamin_a,men,18,29,2,0,0,850,null
vitamin_a,men,30,49,2,0,0,900,null
vitamin_a,men,50,64,2,0,0,900,null
vitamin_a,men,65,74,2,0,0,850,null
vitamin_a,men,75,999,2,0,0,800,null
vitamin_a,men,1,2,3,0,0,400,null
vitamin_a,men,3,5,3,0,0,450,null
vitamin_a,men,6,7,3,0,0,400,null
vitamin_a,men,8,9,3,0,0,500,null
vitamin_a,men,10,11,3,0,0,600,null
vitamin_a,men,12,14,3,0,0,800,null
vitamin_a,men,15,17,3,0,0,900,null
vitamin_a,men,18,29,3,0,0,850,null
vitamin_a,men,30,49,3,0,0,900,null
vitamin_a,men,50,64,3,0,0,900,null
vitamin_a,men,65,74,3,0,0,850,null
vitamin_a,men,75,999,3,0,0,800,null
vitamin_a,women,1,2,1,0,0,350,null
vitamin_a,women,3,5,1,0,0,500,null
vitamin_a,women,6,7,1,0,0,400,null
vitamin_a,women,8,9,1,0,0,500,null
vitamin_a,women,10,11,1,0,0,600,null
vitamin_a,women,12,14,1,0,0,700,null
vitamin_a,women,15,17,1,0,0,650,null
vitamin_a,women,18,29,1,0,0,650,null
vitamin_a,women,30,49,1,0,0,700,null
vitamin_a,women,50,64,1,0,0,700,null
vitamin_a,women,65,74,1,0,0,700,null
vitamin_a,women,75,999,1,0,0,650,null
vitamin_a,women,1,2,2,0,0,350,null
vitamin_a,women,3,5,2,0,0,500,null
vitamin_a,women,6,7,2,0,0,400,null
vitamin_a,women,8,9,2,0,0,500,null
vitamin_a,women,10,11,2,0,0,600,null
vitamin_a,women,12,14,2,0,0,700,null
vitamin_a,women,15,17,2,0,0,650,null
vitamin_a,women,18,29,2,0,0,650,null
vitamin_a,women,30,49,2,0,0,700,null
vitamin_a,women,50,64,2,0,0,700,null
vitamin_a,women,65,74,2,0,0,700,null
vitamin_a,women,75,999,2,0,0,650,null
vitamin_a,women,1,2,3,0,0,350,null
vitamin_a,women,3,5,3,0,0,500,null
vitamin_a,women,6,7,3,0,0,400,null
vitamin_a,women,8,9,3,0,0,500,null
vitamin_a,women,10,11,3,0,0,600,null
vitamin_a,women,12,14,3,0,0,700,null
vitamin_a,women,15,17,3,0,0,650,null
vitamin_a,women,18,29,3,0,0,650,null
vitamin_a,women,30,49,3,0,0,700,null
vitamin_a,women,50,64,3,0,0,700,null
vitamin_a,women,65,74,3,0,0,700,null
vitamin_a,women,75,999,3,0,0,650,null
vitamin_b1,men,1,2,1,0,0,0.5,null
vitamin_b1,men,3,5,1,0,0,0.7,null
vitamin_b1,men,6,7,1,0,0,0.8,null
vitamin_b1,men,8,9,1,0,0,1,null
vitamin_b1,men,10,11,1,0,0,1.2,null
vitamin_b1,men,12,14,1,0,0,1.4,null
vitamin_b1,men,15,17,1,0,0,1.5,null
vitamin_b1,men,18,29,1,0,0,1.4,null
vitamin_b1,men,30,49,1,0,0,1.4,null
vitamin_b1,men,50,64,1,0,0,1.3,null
vitamin_b1,men,65,74,1,0,0,1.3,null
vitamin_b1,men,75,999,1,0,0,1.2,null
vitamin_b1,men,1,2,2,0,0,0.5,null
vitamin_b1,men,3,5,2,0,0,0.7,null
vitamin_b1,men,6,7,2,0,0,0.8,null
vitamin_b1,men,8,9,2,0,0,1,null
vitamin_b1,men,10,11,2,0,0,1.2,null
vitamin_b1,men,12,14,2,0,0,1.4,null
vitamin_b1,men,15,17,2,0,0,1.5,null
vitamin_b1,men,18,29,2,0,0,1.4,null
vitamin_b1,men,30,49,2,0,0,1.4,null
vitamin_b1,men,50,64,2,0,0,1.3,null
vitamin_b1,men,65,74,2,0,0,1.3,null
vitamin_b1,men,75,999,2,0,0,1.2,null
vitamin_b1,men,1,2,3,0,0,0.5,null
vitamin_b1,men,3,5,3,0,0,0.7,null
vitamin_b1,men,6,7,3,0,0,0.8,null
vitamin_b1,men,8,9,3,0,0,1,null
vitamin_b1,men,10,11,3,0,0,1.2,null
vitamin_b1,men,12,14,3,0,0,1.4,null
vitamin_b1,men,15,17,3,0,0,1.5,null
vitamin_b1,men,18,29,3,0,0,1.4,null
vitamin_b1,men,30,49,3,0,0,1.4,null
vitamin_b1,men,50,64,3,0,0,1.3,null
vitamin_b1,men,65,74,3,0,0,1.3,null
vitamin_b1,men,75,999,3,0,0,1.2,null
vitamin_b1,women,1,2,1,0,0,0.5,null
vitamin_b1,women,3,5,1,0,0,0.7,null
vitamin_b1,women,6,7,1,0,0,0.8,null
vitamin_b1,women,8,9,1,0,0,0.9,null
vitamin_b1,women,10,11,1,0,0,1.1,null
vitamin_b1,women,12,14,1,0,0,1.3,null
vitamin_b1,women,15,17,1,0,0,1.2,null
vitamin_b1,women,18,29,1,0,0,1.1,null
vitamin_b1,women,30,49,1,0,0,1.1,null
vitamin_b1,women,50,64,1,0,0,1.1,null
vitamin_b1,women,65,74,1,0,0,1.1,null
vitamin_b1,women,75,999,1,0,0,0.9,null
vitamin_b1,women,1,2,2,0,0,0.5,null
vitamin_b1,women,3,5,2,0,0,0.7,null
vitamin_b1,women,6,7,2,0,0,0.8,null
vitamin_b1,women,8,9,2,0,0,0.9,null
vitamin_b1,women,10,11,2,0,0,1.1,null
vitamin_b1,women,12,14,2,0,0,1.3,null
vitamin_b1,women,15,17,2,0,0,1.2,null
vitamin_b1,women,18,29,2,0,0,1.1,null
vitamin_b1,women,30,49,2,0,0,1.1,null
vitamin_b1,women,50,64,2,0,0,1.1,null
vitamin_b1,women,65,74,2,0,0,1.1,null
vitamin_b1,women,75,999,2,0,0,0.9,null
vitamin_b1,women,1,2,3,0,0,0.5,null
vitamin_b1,women,3,5,3,0,0,0.7,null
vitamin_b1,women,6,7,3,0,0,0.8,null
vitamin_b1,women,8,9,3,0,0,0.9,null
vitamin_b1,women,10,11,3,0,0,1.1,null
vitamin_b1,women,12,14,3,0,0,1.3,null
vitamin_b1,women,15,17,3,0,0,1.2,null
vitamin_b1,women,18,29,3,0,0,1.1,null
vitamin_b1,women,30,49,3,0,0,1.1,null
vitamin_b1,women,50,64,3,0,0,1.1,null
vitamin_b1,women,65,74,3,0,0,1.1,null
vitamin_b1,women,75,999,3,0,0,0.9,null
vitamin_b2,men,1,2,1,0,0,0.6,null
vitamin_b2,men,3,5,1,0,0,0.8,null
vitamin_b2,men,6,7,1,0,0,0.9,null
vitamin_b2,men,8,9,1,0,0,1.1,null
vitamin_b2,men,10,11,1,0,0,1.4,null
vitamin_b2,men,12,14,1,0,0,1.6,null
vitamin_b2,men,15,17,1,0,0,1.7,null
vitamin_b2,men,18,29,1,0,0,1.6,null
vitamin_b2,men,30,49,1,0,0,1.6,null
vitamin_b2,men,50,64,1,0,0,1.5,null
vitamin_b2,men,65,74,1,0,0,1.5,null
vitamin_b2,men,75,999,1,0,0,1.3,null
vitamin_b2,men,1,2,2,0,0,0.6,null
vitamin_b2,men,3,5,2,0,0,0.8,null
vitamin_b2,men,6,7,2,0,0,0.9,null
vitamin_b2,men,8,9,2,0,0,1.1,null
vitamin_b2,men,10,11,2,0,0,1.4,null
vitamin_b2,men,12,14,2,0,0,1.6,null
vitamin_b2,men,15,17,2,0,0,1.7,null
vitamin_b2,men,18,29,2,0,0,1.6,null
vitamin_b2,men,30,49,2,0,0,1.6,null
vitamin_b2,men,50,64,2,0,0,1.5,null
vitamin_b2,men,65,74,2,0,0,1.5,null
vitamin_b2,men,75,999,2,0,0,1.3,null
vitamin_b2,men,1,2,3,0,0,0.6,null
vitamin_b2,men,3,5,3,0,0,0.8,null
vitamin_b2,men,6,7,3,0,0,0.9,null
vitamin_b2,men,8,9,3,0,0,1.1,null
vitamin_b2,men,10,11,3,0,0,1.4,null
vitamin_b2,men,12,14,3,0,0,1.6,null
vitamin_b2,men,15,17,3,0,0,1.7,null
vitamin_b2,men,18,29,3,0,0,1.6,null
vitamin_b2,men,30,49,3,0,0,1.6,null
vitamin_b2,men,50,64,3,0,0,1.5,null
vitamin_b2,men,65,74,3,0,0,1.5,null
vitamin_b2,men,75,999,3,0,0,1.3,null
vitamin_b2,women,1,2,1,0,0,0.5,null
vitamin_b2,women,3,5,1,0,0,0.8,null
vitamin_b2,women,6,7,1,0,0,0.9,null
vitamin_b2,women,8,9,1,0,0,1,null
vitamin_b2,women,10,11,1,0,0,1.3,null
vitamin_b2,women,12,14,1,0,0,1.4,null
vitamin_b2,women,15,17,1,0,0,1.4,null
vitamin_b2,women,18,29,1,0,0,1.2,null
vitamin_b2,women,30,49,1,0,0,1.2,null
vitamin_b2,women,50,64,1,0,0,1.2,null
vitamin_b2,women,65,74,1,0,0,1.2,null
vitamin_b2,women,75,999,1,0,0,1,null
vitamin_b2,women,1,2,2,0,0,0.5,null
vitamin_b2,women,3,5,2,0,0,0.8,null
vitamin_b2,women,6,7,2,0,0,0.9,null
vitamin_b2,women,8,9,2,0,0,1,null
vitamin_b2,women,10,11,2,0,0,1.3,null
vitamin_b2,women,12,14,2,0,0,1.4,null
vitamin_b2,women,15,17,2,0,0,1.4,null
vitamin_b2,women,18,29,2,0,0,1.2,null
vitamin_b2,women,30,49,2,0,0,1.2,null
vitamin_b2,women,50,64,2,0,0,1.2,null
vitamin_b2,women,65,74,2,0,0,1.2,null
vitamin_b2,women,75,999,2,0,0,1,null
vitamin_b2,women,1,2,3,0,0,0.5,null
vitamin_b2,women,3,5,3,0,0,0.8,null
vitamin_b2,women,6,7,3,0,0,0.9,null
vitamin_b2,women,8,9,3,0,0,1,null
vitamin_b2,women,10,11,3,0,0,1.3,null
vitamin_b2,women,12,14,3,0,0,1.4,null
vitamin_b2,women,15,17,3,0,0,1.4,null
vitamin_b2,women,18,29,3,0,0,1.2,null
vitamin_b2,women,30,49,3,0,0,1.2,null
vitamin_b2,women,50,64,3,0,0,1.2,null
vitamin_b2,women,65,74,3,0,0,1.2,null
vitamin_b2,women,75,999,3,0,0,1,null
vitamin_b6,men,1,2,1,0,0,0.5,null
vitamin_b6,men,3,5,1,0,0,0.6,null
vitamin_b6,men,6,7,1,0,0,0.8,null
vitamin_b6,men,8,9,1,0,0,0.9,null
vitamin_b6,men,10,11,1,0,0,1.1,null
vitamin_b6,men,12,14,1,0,0,1.4,null
vitamin_b6,men,15,17,1,0,0,1.5,null
vitamin_b6,men,18,29,1,0,0,1.4,null
vitamin_b6,men,30,49,1,0,0,1.4,null
vitamin_b6,men,50,64,1,0,0,1.4,null
vitamin_b6,men,65,74,1,0,0,1.4,null
vitamin_b6,men,75,999,1,0,0,1.4,null
vitamin_b6,men,1,2,2,0,0,0.5,null
vitamin_b6,men,3,5,2,0,0,0.6,null
vitamin_b6,men,6,7,2,0,0,0.8,null
vitamin_b6,men,8,9,2,0,0,0.9,null
vitamin_b6,men,10,11,2,0,0,1.1,null
vitamin_b6,men,12,14,2,0,0,1.4,null
vitamin_b6,men,15,17,2,0,0,1.5,null
vitamin_b6,men,18,29,2,0,0,1.4,null
vitamin_b6,men,30,49,2,0,0,1.4,null
vitamin_b6,men,50,64,2,0,0,1.4,null
vitamin_b6,men,65,74,2,0,0,1.4,null
vitamin_b6,men,75,999,2,0,0,1.4,null
vitamin_b6,men,1,2,3,0,0,0.5,null
vitamin_b6,men,3,5,3,0,0,0.6,null
vitamin_b6,men,6,7,3,0,0,0.8,null
vitamin_b6,men,8,9,3,0,0,0.9,null
vitamin_b6,men,10,11,3,0,0,1.1,null
vitamin_b6,men,12,14,3,0,0,1.4,null
vitamin_b6,men,15,17,3,0,0,1.5,null
vitamin_b6,men,18,29,3,0,0,1.4,null
vitamin_b6,men,30,49,3,0,0,1.4,null
vitamin_b6,men,50,64,3,0,0,1.4,null
vitamin_b6,men,65,74,3,0,0,1.4,null
vitamin_b6,men,75,999,3,0,0,1.4,null
vitamin_b6,women,1,2,1,0,0,0.5,null
vitamin_b6,women,3,5,1,0,0,0.6,null
vitamin_b6,women,6,7,1,0,0,0.7,null
vitamin_b6,women,8,9,1,0,0,0.9,null
vitamin_b6,women,10,11,1,0,0,1.1,null
vitamin_b6,women,12,14,1,0,0,1.3,null
vitamin_b6,women,15,17,1,0,0,1.3,null
vitamin_b6,women,18,29,1,0,0,1.1,null
vitamin_b6,women,30,49,1,0,0,1.1,null
vitamin_b6,women,50,64,1,0,0,1.1,null
vitamin_b6,women,65,74,1,0,0,1.1,null
vitamin_b6,women,75,999,1,0,0,1.1,null
vitamin_b6,women,1,2,2,0,0,0.5,null
vitamin_b6,women,3,5,2,0,0,0.6,null
vitamin_b6,women,6,7,2,0,0,0.7,null
vitamin_b6,women,8,9,2,0,0,0.9,null
vitamin_b6,women,10,11,2,0,0,1.1,null
vitamin_b6,women,12,14,2,0,0,1.3,null
vitamin_b6,women,15,17,2,0,0,1.3,null
vitamin_b6,women,18,29,2,0,0,1.1,null
vitamin_b6,women,30,49,2,0,0,1.1,null
vitamin_b6,women,50,64,2,0,0,1.1,null
vitamin_b6,women,65,74,2,0,0,1.1,null
vitamin_b6,women,75,999,2,0,0,1.1,null
vitamin_b6,women,1,2,3,0,0,0.5,null
vitamin_b6,women,3,5,3,0,0,0.6,null
vitamin_b6,women,6,7,3,0,0,0.7,null
vitamin_b6,women,8,9,3,0,0,0.9,null
vitamin_b6,women,10,11,3,0,0,1.1,null
vitamin_b6,women,12,14,3,0,0,1.3,null
vitamin_b6,women,15,17,3,0,0,1.3,null
vitamin_b6,women,18,29,3,0,0,1.1,null
vitamin_b6,women,30,49,3,0,0,1.1,null
vitamin_b6,women,50,64,3,0,0,1.1,null
vitamin_b6,women,65,74,3,0,0,1.1,null
vitamin_b6,women,75,999,3,0,0,1.1,null
vitamin_b12,men,1,2,1,0,0,0.9,null
vitamin_b12,men,3,5,1,0,0,1.1,null
vitamin_b12,men,6,7,1,0,0,1.3,null
vitamin_b12,men,8,9,1,0,0,1.6,null
vitamin_b12,men,10,11,1,0,0,1.9,null
vitamin_b12,men,12,14,1,0,0,2.4,null
vitamin_b12,men,15,17,1,0,0,2.4,null
vitamin_b12,men,18,29,1,0,0,2.4,null
vitamin_b12,men,30,49,1,0,0,2.4,null
vitamin_b12,men,50,64,1,0,0,2.4,null
vitamin_b12,men,65,74,1,0,0,2.4,null
vitamin_b12,men,75,999,1,0,0,2.4,null
vitamin_b12,men,1,2,2,0,0,0.9,null
vitamin_b12,men,3,5,2,0,0,1.1,null
vitamin_b12,men,6,7,2,0,0,1.3,null
vitamin_b12,men,8,9,2,0,0,1.6,null
vitamin_b12,men,10,11,2,0,0,1.9,null
vitamin_b12,men,12,14,2,0,0,2.4,null
vitamin_b12,men,15,17,2,0,0,2.4,null
vitamin_b12,men,18,29,2,0,0,2.4,null
vitamin_b12,men,30,49,2,0,0,2.4,null
vitamin_b12,men,50,64,2,0,0,2.4,null
vitamin_b12,men,65,74,2,0,0,2.4,null
vitamin_b12,men,75,999,2,0,0,2.4,null
vitamin_b12,men,1,2,3,0,0,0.9,null
vitamin_b12,men,3,5,3,0,0,1.1,null
vitamin_b12,men,6,7,3,0,0,1.3,null
vitamin_b12,men,8,9,3,0,0,1.6,null
vitamin_b12,men,10,11,3,0,0,1.9,null
vitamin_b12,men,12,14,3,0,0,2.4,null
vitamin_b12,men,15,17,3,0,0,2.4,null
vitamin_b12,men,18,29,3,0,0,2.4,null
vitamin_b12,men,30,49,3,0,0,2.4,null
vitamin_b12,men,50,64,3,0,0,2.4,null
vitamin_b12,men,65,74,3,0,0,2.4,null
vitamin_b12,men,75,999,3,0,0,2.4,null
vitamin_b12,women,1,2,1,0,0,0.9,null
vitamin_b12,women,3,5,1,0,0,1.1,null
vitamin_b12,women,6,7,1,0,0,1.3,null
vitamin_b12,women,8,9,1,0,0,1.6,null
vitamin_b12,women,10,11,1,0,0,1.9,null
vitamin_b12,women,12,14,1,0,0,2.4,null
vitamin_b12,women,15,17,1,0,0,2.4,null
vitamin_b12,women,18,29,1,0,0,2.4,null
vitamin_b12,women,30,49,1,0,0,2.4,null
vitamin_b12,women,50,64,1,0,0,2.4,null
vitamin_b12,women,65,74,1,0,0,2.4,null
vitamin_b12,women,75,999,1,0,0,2.4,null
vitamin_b12,women,1,2,2,0,0,0.9,null
vitamin_b12,women,3,5,2,0,0,1.1,null
vitamin_b12,women,6,7,2,0,0,1.3,null
vitamin_b12,women,8,9,2,0,0,1.6,null
vitamin_b12,women,10,11,2,0,0,1.9,null
vitamin_b12,women,12,14,2,0,0,2.4,null
vitamin_b12,women,15,17,2,0,0,2.4,null
vitamin_b12,women,18,29,2,0,0,2.4,null
vitamin_b12,women,30,49,2,0,0,2.4,null
vitamin_b12,women,50,64,2,0,0,2.4,null
vitamin_b12,women,65,74,2,0,0,2.4,null
vitamin_b12,women,75,999,2,0,0,2.4,null
vitamin_b12,women,1,2,3,0,0,0.9,null
vitamin_b12,women,3,5,3,0,0,1.1,null
vitamin_b12,women,6,7,3,0,0,1.3,null
vitamin_b12,women,8,9,3,0,0,1.6,null
vitamin_b12,women,10,11,3,0,0,1.9,null
vitamin_b12,women,12,14,3,0,0,2.4,null
vitamin_b12,women,15,17,3,0,0,2.4,null
vitamin_b12,women,18,29,3,0,0,2.4,null
vitamin_b12,women,30,49,3,0,0,2.4,null
vitamin_b12,women,50,64,3,0,0,2.4,null
vitamin_b12,women,65,74,3,0,0,2.4,null
vitamin_b12,women,75,999,3,0,0,2.4,null
vitamin_c,men,1,2,1,0,0,40,null
vitamin_c,men,3,5,1,0,0,50,null
vitamin_c,men,6,7,1,0,0,60,null
vitamin_c,men,8,9,1,0,0,70,null
vitamin_c,men,10,11,1,0,0,85,null
vitamin_c,men,12,14,1,0,0,100,null
vitamin_c,men,15,17,1,0,0,100,null
vitamin_c,men,18,29,1,0,0,100,null
vitamin_c,men,30,49,1,0,0,100,null
vitamin_c,men,50,64,1,0,0,100,null
vitamin_c,men,65,74,1,0,0,100,null
vitamin_c,men,75,999,1,0,0,100,null
vitamin_c,men,1,2,2,0,0,40,null
vitamin_c,men,3,5,2,0,0,50,null
vitamin_c,men,6,7,2,0,0,60,null
vitamin_c,men,8,9,2,0,0,70,null
vitamin_c,men,10,11,2,0,0,85,null
vitamin_c,men,12,14,2,0,0,100,null
vitamin_c,men,15,17,2,0,0,100,null
vitamin_c,men,18,29,2,0,0,100,null
vitamin_c,men,30,49,2,0,0,100,null
vitamin_c,men,50,64,2,0,0,100,null
vitamin_c,men,65,74,2,0,0,100,null
vitamin_c,men,75,999,2,0,0,100,null
vitamin_c,men,1,2,3,0,0,40,null
vitamin_c,men,3,5,3,0,0,50,null
vitamin_c,men,6,7,3,0,0,60,null
vitamin_c,men,8,9,3,0,0,70,null
vitamin_c,men,10,11,3,0,0,85,null
vitamin_c,men,12,14,3,0,0,100,null
vitamin_c,men,15,17,3,0,0,100,null
vitamin_c,men,18,29,3,0,0,100,null
vitamin_c,men,30,49,3,0,0,100,null
vitamin_c,men,50,64,3,0,0,100,null
vitamin_c,men,65,74,3,0,0,100,null
vitamin_c,men,75,999,3,0,0,100,null
vitamin_c,women,1,2,1,0,0,40,null
vitamin_c,women,3,5,1,0,0,50,null
vitamin_c,women,6,7,1,0,0,60,null
vitamin_c,women,8,9,1,0,0,70,null
vitamin_c,women,10,11,1,0,0,85,null
vitamin_c,women,12,14,1,0,0,100,null
vitamin_c,women,15,17,1,0,0,100,null
vitamin_c,women,18,29,1,0,0,100,null
vitamin_c,women,30,49,1,0,0,100,null
vitamin_c,women,50,64,1,0,0,100,null
vitamin_c,women,65,74,1,0,0,100,null
vitamin_c,women,75,999,1,0,0,100,null
vitamin_c,women,1,2,2,0,0,40,null
vitamin_c,women,3,5,2,0,0,50,null
vitamin_c,women,6,7,2,0,0,60,null
vitamin_c,women,8,9,2,0,0,70,null
vitamin_c,women,10,11,2,0,0,85,null
vitamin_c,women,12,14,2,0,0,100,null
vitamin_c,women,15,17,2,0,0,100,null
vitamin_c,women,18,29,2,0,0,100,null
vitamin_c,women,30,49,2,0,0,100,null
vitamin_c,women,50,64,2,0,0,100,null
vitamin_c,women,65,74,2,0,0,100,null
vitamin_c,women,75,999,2,0,0,100,null
vitamin_c,women,1,2,3,0,0,40,null
vitamin_c,women,3,5,3,0,0,50,null
vitamin_c,women,6,7,3,0,0,60,null
vitamin_c,women,8,9,3,0,0,70,null
vitamin_c,women,10,11,3,0,0,85,null
vitamin_c,women,12,14,3,0,0,100,null
vitamin_c,women,15,17,3,0,0,100,null
vitamin_c,women,18,29,3,0,0,100,null
vitamin_c,women,30,49,3,0,0,100,null
vitamin_c,women,50,64,3,0,0,100,null
vitamin_c,women,65,74,3,0,0,100,null
vitamin_c,women,75,999,3,0,0,100,null
vitamin_d,men,1,2,1,0,0,3,null
vitamin_d,men,3,5,1,0,0,3.5,null
vitamin_d,men,6,7,1,0,0,4.5,null
vitamin_d,men,8,9,1,0,0,5,null
vitamin_d,men,10,11,1,0,0,6.5,null
vitamin_d,men,12,14,1,0,0,8,null
vitamin_d,men,15,17,1,0,0,9,null
vitamin_d,men,18,29,1,0,0,8.5,null
vitamin_d,men,30,49,1,0,0,8.5,null
vitamin_d,men,50,64,1,0,0,8.5,null
vitamin_d,men,65,74,1,0,0,8.5,null
vitamin_d,men,75,999,1,0,0,8.5,null
vitamin_d,men,1,2,2,0,0,3,null
vitamin_d,men,3,5,2,0,0,3.5,null
vitamin_d,men,6,7,2,0,0,4.5,null
vitamin_d,men,8,9,2,0,0,5,null
vitamin_d,men,10,11,2,0,0,6.5,null
vitamin_d,men,12,14,2,0,0,8,null
vitamin_d,men,15,17,2,0,0,9,null
vitamin_d,men,18,29,2,0,0,8.5,null
vitamin_d,men,30,49,2,0,0,8.5,null
vitamin_d,men,50,64,2,0,0,8.5,null
vitamin_d,men,65,74,2,0,0,8.5,null
vitamin_d,men,75,999,2,0,0,8.5,null
vitamin_d,men,1,2,3,0,0,3,null
vitamin_d,men,3,5,3,0,0,3.5,null
vitamin_d,men,6,7,3,0,0,4.5,null
vitamin_d,men,8,9,3,0,0,5,null
vitamin_d,men,10,11,3,0,0,6.5,null
vitamin_d,men,12,14,3,0,0,8,null
vitamin_d,men,15,17,3,0,0,9,null
vitamin_d,men,18,29,3,0,0,8.5,null
vitamin_d,men,30,49,3,0,0,8.5,null
vitamin_d,men,50,64,3,0,0,8.5,null
vitamin_d,men,65,74,3,0,0,8.5,null
vitamin_d,men,75,999,3,0,0,8.5,null
vitamin_d,women,1,2,1,0,0,3.5,null
vitamin_d,women,3,5,1,0,0,4,null
vitamin_d,women,6,7,1,0,0,5,null
vitamin_d,women,8,9,1,0,0,6,null
vitamin_d,women,10,11,1,0,0,8,null
vitamin_d,women,12,14,1,0,0,9.5,null
vitamin_d,women,15,17,1,0,0,8.5,null
vitamin_d,women,18,29,1,0,0,8.5,null
vitamin_d,women,30,49,1,0,0,8.5,null
vitamin_d,women,50,64,1,0,0,8.5,null
vitamin_d,women,65,74,1,0,0,8.5,null
vitamin_d,women,75,999,1,0,0,8.5,null
vitamin_d,women,1,2,2,0,0,3.5,null
vitamin_d,women,3,5,2,0,0,4,null
vitamin_d,women,6,7,2,0,0,5,null
vitamin_d,women,8,9,2,0,0,6,null
vitamin_d,women,10,11,2,0,0,8,null
vitamin_d,women,12,14,2,0,0,9.5,null
vitamin_d,women,15,17,2,0,0,8.5,null
vitamin_d,women,18,29,2,0,0,8.5,null
vitamin_d,women,30,49,2,0,0,8.5,null
vitamin_d,women,50,64,2,0,0,8.5,null
vitamin_d,women,65,74,2,0,0,8.5,null
vitamin_d,women,75,999,2,0,0,8.5,null
vitamin_d,women,1,2,3,0,0,3.5,null
vitamin_d,women,3,5,3,0,0,4,null
vitamin_d,women,6,7,3,0,0,5,null
vitamin_d,women,8,9,3,0,0,6,null
vitamin_d,women,10,11,3,0,0,8,null
vitamin_d,women,12,14,3,0,0,9.5,null
vitamin_d,women,15,17,3,0,0,8.5,null
vitamin_d,women,18,29,3,0,0,8.5,null
vitamin_d,women,30,49,3,0,0,8.5,null
vitamin_d,women,50,64,3,0,0,8.5,null
vitamin_d,women,65,74,3,0,0,8.5,null
vitamin_d,women,75,999,3,0,0,8.5,null
vitamin_e,men,1,2,1,0,0,3,null
vitamin_e,men,3,5,1,0,0,4,null
vitamin_e,men,6,7,1,0,0,5,null
vitamin_e,men,8,9,1,0,0,5,null
vitamin_e,men,10,11,1,0,0,5.5,null
vitamin_e,men,12,14,1,0,0,6.5,null
vitamin_e,men,15,17,1,0,0,7,null
vitamin_e,men,18,29,1,0,0,6,null
vitamin_e,men,30,49,1,0,0,6,null
vitamin_e,men,50,64,1,0,0,7,null
vitamin_e,men,65,74,1,0,0,7,null
vitamin_e,men,75,999,1,0,0,6.5,null
vitamin_e,men,1,2,2,0,0,3,null
vitamin_e,men,3,5,2,0,0,4,null
vitamin_e,men,6,7,2,0,0,5,null
vitamin_e,men,8,9,2,0,0,5,null
vitamin_e,men,10,11,2,0,0,5.5,null
vitamin_e,men,12,14,2,0,0,6.5,null
vitamin_e,men,15,17,2,0,0,7,null
vitamin_e,men,18,29,2,0,0,6,null
vitamin_e,men,30,49,2,0,0,6,null
vitamin_e,men,50,64,2,0,0,7,null
vitamin_e,men,65,74,2,0,0,7,null
vitamin_e,men,75,999,2,0,0,6.5,null
vitamin_e,men,1,2,3,0,0,3,null
vitamin_e,men,3,5,3,0,0,4,null
vitamin_e,men,6,7,3,0,0,5,null
vitamin_e,men,8,9,3,0,0,5,null
vitamin_e,men,10,11,3,0,0,5.5,null
vitamin_e,men,12,14,3,0,0,6.5,null
vitamin_e,men,15,17,3,0,0,7,null
vitamin_e,men,18,29,3,0,0,6,null
vitamin_e,men,30,49,3,0,0,6,null
vitamin_e,men,50,64,3,0,0,7,null
vitamin_e,men,65,74,3,0,0,7,null
vitamin_e,men,75,999,3,0,0,6.5,null
vitamin_e,women,1,2,1,0,0,3,null
vitamin_e,women,3,5,1,0,0,4,null
vitamin_e,women,6,7,1,0,0,5,null
vitamin_e,women,8,9,1,0,0,5,null
vitamin_e,women,10,11,1,0,0,5.5,null
vitamin_e,women,12,14,1,0,0,6,null
vitamin_e,women,15,17,1,0,0,5.5,null
vitamin_e,women,18,29,1,0,0,5,null
vitamin_e,women,30,49,1,0,0,5.5,null
vitamin_e,women,50,64,1,0,0,6,null
vitamin_e,women,65,74,1,0,0,6.5,null
vitamin_e,women,75,999,1,0,0,6.5,null
vitamin_e,women,1,2,2,0,0,3,null
vitamin_e,women,3,5,2,0,0,4,null
vitamin_e,women,6,7,2,0,0,5,null
vitamin_e,women,8,9,2,0,0,5,null
vitamin_e,women,10,11,2,0,0,5.5,null
vitamin_e,women,12,14,2,0,0,6,null
vitamin_e,women,15,17,2,0,0,5.5,null
vitamin_e,women,18,29,2,0,0,5,null
vitamin_e,women,30,49,2,0,0,5.5,null
vitamin_e,women,50,64,2,0,0,6,null
vitamin_e,women,65,74,2,0,0,6.5,null
vitamin_e,women,75,999,2,0,0,6.5,null
vitamin_e,women,1,2,3,0,0,3,null
vitamin_e,women,3,5,3,0,0,4,null
vitamin_e,women,6,7,3,0,0,5,null
vitamin_e,women,8,9,3,0,0,5,null
vitamin_e,women,10,11,3,0,0,5.5,null
vitamin_e,women,12,14,3,0,0,6,null
vitamin_e,women,15,17,3,0,0,5.5,null
vitamin_e,women,18,29,3,0,0,5,null
vitamin_e,women,30,49,3,0,0,5.5,null
vitamin_e,women,50,64,3,0,0,6,null
vitamin_e,women,65,74,3,0,0,6.5,null
vitamin_e,women,75,999,3,0,0,6.5,null
vitamin_k,men,1,2,1,0,0,50,null
vitamin_k,men,3,5,1,0,0,60,null
vitamin_k,men,6,7,1,0,0,80,null
vitamin_k,men,8,9,1,0,0,90,null
vitamin_k,men,10,11,1,0,0,110,null
vitamin_k,men,12,14,1,0,0,140,null
vitamin_k,men,15,17,1,0,0,160,null
vitamin_k,men,18,29,1,0,0,150,null
vitamin_k,men,30,49,1,0,0,150,null
vitamin_k,men,50,64,1,0,0,150,null
vitamin_k,men,65,74,1,0,0,150,null
vitamin_k,men,75,999,1,0,0,150,null
vitamin_k,men,1,2,2,0,0,50,null
vitamin_k,men,3,5,2,0,0,60,null
vitamin_k,men,6,7,2,0,0,80,null
vitamin_k,men,8,9,2,0,0,90,null
vitamin_k,men,10,11,2,0,0,110,null
vitamin_k,men,12,14,2,0,0,140,null
vitamin_k,men,15,17,2,0,0,160,null
vitamin_k,men,18,29,2,0,0,150,null
vitamin_k,men,30,49,2,0,0,150,null
vitamin_k,men,50,64,2,0,0,150,null
vitamin_k,men,65,74,2,0,0,150,null
vitamin_k,men,75,999,2,0,0,150,null
vitamin_k,men,1,2,3,0,0,50,null
vitamin_k,men,3,5,3,0,0,60,null
vitamin_k,men,6,7,3,0,0,80,null
vitamin_k,men,8,9,3,0,0,90,null
vitamin_k,men,10,11,3,0,0,110,null
vitamin_k,men,12,14,3,0,0,140,null
vitamin_k,men,15,17,3,0,0,160,null
vitamin_k,men,18,29,3,0,0,150,null
vitamin_k,men,30,49,3,0,0,150,null
vitamin_k,men,50,64,3,0,0,150,null
vitamin_k,men,65,74,3,0,0,150,null
vitamin_k,men,75,999,3,0,0,150,null
vitamin_k,women,1,2,1,0,0,60,null
vitamin_k,women,3,5,1,0,0,70,null
vitamin_k,women,6,7,1,0,0,90,null
vitamin_k,women,8,9,1,0,0,110,null
vitamin_k,women,10,11,1,0,0,140,null
vitamin_k,women,12,14,1,0,0,170,null
vitamin_k,women,15,17,1,0,0,150,null
vitamin_k,women,18,29,1,0,0,150,null
vitamin_k,women,30,49,1,0,0,150,null
vitamin_k,women,50,64,1,0,0,150,null
vitamin_k,women,65,74,1,0,0,150,null
vitamin_k,women,75,999,1,0,0,150,null
vitamin_k,women,1,2,2,0,0,60,null
vitamin_k,women,3,5,2,0,0,70,null
vitamin_k,women,6,7,2,0,0,90,null
vitamin_k,women,8,9,2,0,0,110,null
vitamin_k,women,10,11,2,0,0,140,null
vitamin_k,women,12,14,2,0,0,170,null
vitamin_k,women,15,17,2,0,0,150,null
vitamin_k,women,18,29,2,0,0,150,null
vitamin_k,women,30,49,2,0,0,150,null
vitamin_k,women,50,64,2,0,0,150,null
vitamin_k,women,65,74,2,0,0,150,null
vitamin_k,women,75,999,2,0,0,150,null
vitamin_k,women,1,2,3,0,0,60,null
vitamin_k,women,3,5,3,0,0,70,null
vitamin_k,women,6,7,3,0,0,90,null
vitamin_k,women,8,9,3,0,0,110,null
vitamin_k,women,10,11,3,0,0,140,null
vitamin_k,women,12,14,3,0,0,170,null
vitamin_k,women,15,17,3,0,0,150,null
vitamin_k,women,18,29,3,0,0,150,null
vitamin_k,women,30,49,3,0,0,150,null
vitamin_k,women,50,64,3,0,0,150,null
vitamin_k,women,65,74,3,0,0,150,null
vitamin_k,women,75,999,3,0,0,150,null
niacin_equivalent,men,1,2,1,0,0,8,null
niacin_equivalent,men,3,5,1,0,0,9,null
niacin_equivalent,men,6,7,1,0,0,11,null
niacin_equivalent,men,8,9,1,0,0,13,null
niacin_equivalent,men,10,11,1,0,0,15,null
niacin_equivalent,men,12,14,1,0,0,17,null
niacin_equivalent,men,15,17,1,0,0,15,null
niacin_equivalent,men,18,29,1,0,0,15,null
niacin_equivalent,men,30,49,1,0,0,14,null
niacin_equivalent,men,50,64,1,0,0,14,null
niacin_equivalent,men,65,74,1,0,0,13,null
niacin_equivalent,men,75,999,1,0,0,11,null
niacin_equivalent,men,1,2,2,0,0,8,null
niacin_equivalent,men,3,5,2,0,0,9,null
niacin_equivalent,men,6,7,2,0,0,11,null
niacin_equivalent,men,8,9,2,0,0,13,null
niacin_equivalent,men,10,11,2,0,0,15,null
niacin_equivalent,men,12,14,2,0,0,17,null
niacin_equivalent,men,15,17,2,0,0,15,null
niacin_equivalent,men,18,29,2,0,0,15,null
niacin_equivalent,men,30,49,2,0,0,14,null
niacin_equivalent,men,50,64,2,0,0,14,null
niacin_equivalent,men,65,74,2,0,0,13,null
niacin_equivalent,men,75,999,2,0,0,11,null
niacin_equivalent,men,1,2,3,0,0,8,null
niacin_equivalent,men,3,5,3,0,0,9,null
niacin_equivalent,men,6,7,3,0,0,11,null
niacin_equivalent,men,8,9,3,0,0,13,null
niacin_equivalent,men,10,11,3,0,0,15,null
niacin_equivalent,men,12,14,3,0,0,17,null
niacin_equivalent,men,15,17,3,0,0,15,null
niacin_equivalent,men,18,29,3,0,0,15,null
niacin_equivalent,men,30,49,3,0,0,14,null
niacin_equivalent,men,50,64,3,0,0,14,null
niacin_equivalent,men,65,74,3,0,0,13,null
niacin_equivalent,men,75,999,3,0,0,11,null
niacin_equivalent,women,1,2,1,0,0,7,null
niacin_equivalent,women,3,5,1,0,0,8,null
niacin_equivalent,women,6,7,1,0,0,10,null
niacin_equivalent,women,8,9,1,0,0,10,null
niacin_equivalent,women,10,11,1,0,0,14,null
niacin_equivalent,women,12,14,1,0,0,13,null
niacin_equivalent,women,15,17,1,0,0,11,null
niacin_equivalent,women,18,29,1,0,0,12,null
niacin_equivalent,women,30,49,1,0,0,11,null
niacin_equivalent,women,50,64,1,0,0,11,null
niacin_equivalent,women,65,74,1,0,0,10,null
niacin_equivalent,women,75,999,1,0,0,10,null
niacin_equivalent,women,1,2,2,0,0,7,null
niacin_equivalent,women,3,5,2,0,0,8,null
niacin_equivalent,women,6,7,2,0,0,10,null
niacin_equivalent,women,8,9,2,0,0,10,null
niacin_equivalent,women,10,11,2,0,0,14,null
niacin_equivalent,women,12,14,2,0,0,13,null
niacin_equivalent,women,15,17,2,0,0,11,null
niacin_equivalent,women,18,29,2,0,0,12,null
niacin_equivalent,women,30,49,2,0,0,11,null
niacin_equivalent,women,50,64,2,0,0,11,null
niacin_equivalent,women,65,74,2,0,0,10,null
niacin_equivalent,women,75,999,2,0,0,10,null
niacin_equivalent,women,1,2,3,0,0,7,null
niacin_equivalent,women,3,5,3,0,0,8,null
niacin_equivalent,women,6,7,3,0,0,10,null
niacin_equivalent,women,8,9,3,0,0,10,null
niacin_equivalent,women,10,11,3,0,0,14,null
niacin_equivalent,women,12,14,3,0,0,13,null
niacin_equivalent,women,15,17,3,0,0,11,null
niacin_equivalent,women,18,29,3,0,0,12,null
niacin_equivalent,women,30,49,3,0,0,11,null
niacin_equivalent,women,50,64,3,0,0,11,null
niacin_equivalent,women,65,74,3,0,0,10,null
niacin_equivalent,women,75,999,3,0,0,10,null
folic_acid,men,1,2,1,0,0,90,null
folic_acid,men,3,5,1,0,0,110,null
folic_acid,men,6,7,1,0,0,140,null
folic_acid,men,8,9,1,0,0,160,null
folic_acid,men,10,11,1,0,0,190,null
folic_acid,men,12,14,1,0,0,240,null
folic_acid,men,15,17,1,0,0,240,null
folic_acid,men,18,29,1,0,0,240,null
folic_acid,men,30,49,1,0,0,240,null
folic_acid,men,50,64,1,0,0,240,null
folic_acid,men,65,74,1,0,0,240,null
folic_acid,men,75,999,1,0,0,240,null
folic_acid,men,1,2,2,0,0,90,null
folic_acid,men,3,5,2,0,0,110,null
folic_acid,men,6,7,2,0,0,140,null
folic_acid,men,8,9,2,0,0,160,null
folic_acid,men,10,11,2,0,0,190,null
folic_acid,men,12,14,2,0,0,240,null
folic_acid,men,15,17,2,0,0,240,null
folic_acid,men,18,29,2,0,0,240,null
folic_acid,men,30,49,2,0,0,240,null
folic_acid,men,50,64,2,0,0,240,null
folic_acid,men,65,74,2,0,0,240,null
folic_acid,men,75,999,2,0,0,240,null
folic_acid,men,1,2,3,0,0,90,null
folic_acid,men,3,5,3,0,0,110,null
folic_acid,men,6,7,3,0,0,140,null
folic_acid,men,8,9,3,0,0,160,null
folic_acid,men,10,11,3,0,0,190,null
folic_acid,men,12,14,3,0,0,240,null
folic_acid,men,15,17,3,0,0,240,null
folic_acid,men,18,29,3,0,0,240,null
folic_acid,men,30,49,3,0,0,240,null
folic_acid,men,50,64,3,0,0,240,null
folic_acid,men,65,74,3,0,0,240,null
folic_acid,men,75,999,3,0,0,240,null
folic_acid,women,1,2,1,0,0,90,null
folic_acid,women,3,5,1,0,0,110,null
folic_acid,women,6,7,1,0,0,140,null
folic_acid,women,8,9,1,0,0,160,null
folic_acid,women,10,11,1,0,0,190,null
folic_acid,women,12,14,1,0,0,240,null
folic_acid,women,15,17,1,0,0,240,null
folic_acid,women,18,29,1,0,0,240,null
folic_acid,women,30,49,1,0,0,240,null
folic_acid,women,50,64,1,0,0,240,null
folic_acid,women,65,74,1,0,0,240,null
folic_acid,women,75,999,1,0,0,240,null
folic_acid,women,1,2,2,0,0,90,null
folic_acid,women,3,5,2,0,0,110,null
folic_acid,women,6,7,2,0,0,140,null
folic_acid,women,8,9,2,0,0,160,null
folic_acid,women,10,11,2,0,0,190,null
folic_acid,women,12,14,2,0,0,240,null
folic_acid,women,15,17,2,0,0,240,null
folic_acid,women,18,29,2,0,0,240,null
folic_acid,women,30,49,2,0,0,240,null
folic_acid,women,50,64,2,0,0,240,null
folic_acid,women,65,74,2,0,0,240,null
folic_acid,women,75,999,2,0,0,240,null
folic_acid,women,1,2,3,0,0,90,null
folic_acid,women,3,5,3,0,0,110,null
folic_acid,women,6,7,3,0,0,140,null
folic_acid,women,8,9,3,0,0,160,null
folic_acid,women,10,11,3,0,0,190,null
folic_acid,women,12,14,3,0,0,240,null
folic_acid,women,15,17,3,0,0,240,null
folic_acid,women,18,29,3,0,0,240,null
folic_acid,women,30,49,3,0,0,240,null
folic_acid,women,50,64,3,0,0,240,null
folic_acid,women,65,74,3,0,0,240,null
folic_acid,women,75,999,3,0,0,240,null
pantothenic_acid,men,1,2,1,0,0,3,null
pantothenic_acid,men,3,5,1,0,0,4,null
pantothenic_acid,men,6,7,1,0,0,5,null
pantothenic_acid,men,8,9,1,0,0,6,null
pantothenic_acid,men,10,11,1,0,0,6,null
pantothenic_acid,men,12,14,1,0,0,7,null
pantothenic_acid,men,15,17,1,0,0,7,null
pantothenic_acid,men,18,29,1,0,0,5,null
pantothenic_acid,men,30,49,1,0,0,5,null
pantothenic_acid,men,50,64,1,0,0,6,null
pantothenic_acid,men,65,74,1,0,0,6,null
pantothenic_acid,men,75,999,1,0,0,6,null
pantothenic_acid,men,1,2,2,0,0,3,null
pantothenic_acid,men,3,5,2,0,0,4,null
pantothenic_acid,men,6,7,2,0,0,5,null
pantothenic_acid,men,8,9,2,0,0,6,null
pantothenic_acid,men,10,11,2,0,0,6,null
pantothenic_acid,men,12,14,2,0,0,7,null
pantothenic_acid,men,15,17,2,0,0,7,null
pantothenic_acid,men,18,29,2,0,0,5,null
pantothenic_acid,men,30,49,2,0,0,5,null
pantothenic_acid,men,50,64,2,0,0,6,null
pantothenic_acid,men,65,74,2,0,0,6,null
pantothenic_acid,men,75,999,2,0,0,6,null
pantothenic_acid,men,1,2,3,0,0,3,null
pantothenic_acid,men,3,5,3,0,0,4,null
pantothenic_acid,men,6,7,3,0,0,5,null
pantothenic_acid,men,8,9,3,0,0,6,null
pantothenic_acid,men,10,11,3,0,0,6,null
pantothenic_acid,men,12,14,3,0,0,7,null
pantothenic_acid,men,15,17,3,0,0,7,null
pantothenic_acid,men,18,29,3,0,0,5,null
pantothenic_acid,men,30,49,3,0,0,5,null
pantothenic_acid,men,50,64,3,0,0,6,null
pantothenic_acid,men,65,74,3,0,0,6,null
pantothenic_acid,men,75,999,3,0,0,6,null
pantothenic_acid,women,1,2,1,0,0,4,null
pantothenic_acid,women,3,5,1,0,0,4,null
pantothenic_acid,women,6,7,1,0,0,5,null
pantothenic_acid,women,8,9,1,0,0,5,null
pantothenic_acid,women,10,11,1,0,0,6,null
pantothenic_acid,women,12,14,1,0,0,6,null
pantothenic_acid,women,15,17,1,0,0,6,null
pantothenic_acid,women,18,29,1,0,0,5,null
pantothenic_acid,women,30,49,1,0,0,5,null
pantothenic_acid,women,50,64,1,0,0,5,null
pantothenic_acid,women,65,74,1,0,0,5,null
pantothenic_acid,women,75,999,1,0,0,5,null
pantothenic_acid,women,1,2,2,0,0,4,null
pantothenic_acid,women,3,5,2,0,0,4,null
pantothenic_acid,women,6,7,2,0,0,5,null
pantothenic_acid,women,8,9,2,0,0,5,null
pantothenic_acid,women,10,11,2,0,0,6,null
pantothenic_acid,women,12,14,2,0,0,6,null
pantothenic_acid,women,15,17,2,0,0,6,null
pantothenic_acid,women,18,29,2,0,0,5,null
pantothenic_acid,women,30,49,2,0,0,5,null
pantothenic_acid,women,50,64,2,0,0,5,null
pantothenic_acid,women,65,74,2,0,0,5,null
pantothenic_acid,women,75,999,2,0,0,5,null
pantothenic_acid,women,1,2,3,0,0,4,null
pantothenic_acid,women,3,5,3,0,0,4,null
pantothenic_acid,women,6,7,3,0,0,5,null
pantothenic_acid,women,8,9,3,0,0,5,null
pantothenic_acid,women,10,11,3,0,0,6,null
pantothenic_acid,women,12,14,3,0,0,6,null
pantothenic_acid,women,15,17,3,0,0,6,null
pantothenic_acid,women,18,29,3,0,0,5,null
pantothenic_acid,women,30,49,3,0,0,5,null
pantothenic_acid,women,50,64,3,0,0,5,null
pantothenic_acid,women,65,74,3,0,0,5,null
pantothenic_acid,women,75,999,3,0,0,5,null
biotin,men,1,2,1,0,0,20,null
biotin,men,3,5,1,0,0,20,null
biotin,men,6,7,1,0,0,30,null
biotin,men,8,9,1,0,0,30,null
biotin,men,10,11,1,0,0,40,null
biotin,men,12,14,1,0,0,50,null
biotin,men,15,17,1,0,0,50,null
biotin,men,18,29,1,0,0,50,null
biotin,men,30,49,1,0,0,50,null
biotin,men,50,64,1,0,0,50,null
biotin,men,65,74,1,0,0,50,null
biotin,men,75,999,1,0,0,50,null
biotin,men,1,2,2,0,0,20,null
biotin,men,3,5,2,0,0,20,null
biotin,men,6,7,2,0,0,30,null
biotin,men,8,9,2,0,0,30,null
biotin,men,10,11,2,0,0,40,null
biotin,men,12,14,2,0,0,50,null
biotin,men,15,17,2,0,0,50,null
biotin,men,18,29,2,0,0,50,null
biotin,men,30,49,2,0,0,50,null
biotin,men,50,64,2,0,0,50,null
biotin,men,65,74,2,0,0,50,null
biotin,men,75,999,2,0,0,50,null
biotin,men,1,2,3,0,0,20,null
biotin,men,3,5,3,0,0,20,null
biotin,men,6,7,3,0,0,30,null
biotin,men,8,9,3,0,0,30,null
biotin,men,10,11,3,0,0,40,null
biotin,men,12,14,3,0,0,50,null
biotin,men,15,17,3,0,0,50,null
biotin,men,18,29,3,0,0,50,null
biotin,men,30,49,3,0,0,50,null
biotin,men,50,64,3,0,0,50,null
biotin,men,65,74,3,0,0,50,null
biotin,men,75,999,3,0,0,50,null
biotin,women,1,2,1,0,0,20,null
biotin,women,3,5,1,0,0,20,null
biotin,women,6,7,1,0,0,30,null
biotin,women,8,9,1,0,0,30,null
biotin,women,10,11,1,0,0,40,null
biotin,women,12,14,1,0,0,50,null
biotin,women,15,17,1,0,0,50,null
biotin,women,18,29,1,0,0,50,null
biotin,women,30,49,1,0,0,50,null
biotin,women,50,64,1,0,0,50,null
biotin,women,65,74,1,0,0,50,null
biotin,women,75,999,1,0,0,50,null
biotin,women,1,2,2,0,0,20,null
biotin,women,3,5,2,0,0,20,null
biotin,women,6,7,2,0,0,30,null
biotin,women,8,9,2,0,0,30,null
biotin,women,10,11,2,0,0,40,null
biotin,women,12,14,2,0,0,50,null
biotin,women,15,17,2,0,0,50,null
biotin,women,18,29,2,0,0,50,null
biotin,women,30,49,2,0,0,50,null
biotin,women,50,64,2,0,0,50,null
biotin,women,65,74,2,0,0,50,null
biotin,women,75,999,2,0,0,50,null
biotin,women,1,2,3,0,0,20,null
biotin,women,3,5,3,0,0,20,null
biotin,women,6,7,3,0,0,30,null
biotin,women,8,9,3,0,0,30,null
biotin,women,10,11,3,0,0,40,null
biotin,women,12,14,3,0,0,50,null
biotin,women,15,17,3,0,0,50,null
biotin,women,18,29,3,0,0,50,null
biotin,women,30,49,3,0,0,50,null
biotin,women,50,64,3,0,0,50,null
biotin,women,65,74,3,0,0,50,null
biotin,women,75,999,3,0,0,50,null
na,men,1,2,1,0,0,1500,null
na,men,3,5,1,0,0,1900,null
na,men,6,7,1,0,0,2400,null
na,men,8,9,1,0,0,2900,null
na,men,10,11,1,0,0,3400,null
na,men,12,14,1,0,0,4400,null
na,men,15,17,1,0,0,5100,null
na,men,18,29,1,0,0,5000,null
na,men,30,49,1,0,0,5000,null
na,men,50,64,1,0,0,5000,null
na,men,65,74,1,0,0,5000,null
na,men,75,999,1,0,0,5000,null
na,men,1,2,2,0,0,1500,null
na,men,3,5,2,0,0,1900,null
na,men,6,7,2,0,0,2400,null
na,men,8,9,2,0,0,2900,null
na,men,10,11,2,0,0,3400,null
na,men,12,14,2,0,0,4400,null
na,men,15,17,2,0,0,5100,null
na,men,18,29,2,0,0,5000,null
na,men,30,49,2,0,0,5000,null
na,men,50,64,2,0,0,5000,null
na,men,65,74,2,0,0,5000,null
na,men,75,999,2,0,0,5000,null
na,men,1,2,3,0,0,1500,null
na,men,3,5,3,0,0,1900,null
na,men,6,7,3,0,0,2400,null
na,men,8,9,3,0,0,2900,null
na,men,10,11,3,0,0,3400,null
na,men,12,14,3,0,0,4400,null
na,men,15,17,3,0,0,5100,null
na,men,18,29,3,0,0,5000,null
na,men,30,49,3,0,0,5000,null
na,men,50,64,3,0,0,5000,null
na,men,65,74,3,0,0,5000,null
na,men,75,999,3,0,0,5000,null
na,women,1,2,1,0,0,1400,null
na,women,3,5,1,0,0,1900,null
na,women,6,7,1,0,0,2400,null
na,women,8,9,1,0,0,2800,null
na,women,10,11,1,0,0,3500,null
na,women,12,14,1,0,0,4300,null
na,women,15,17,1,0,0,4600,null
na,women,18,29,1,0,0,5000,null
na,women,30,49,1,0,0,5000,null
na,women,50,64,1,0,0,5000,null
na,women,65,74,1,0,0,5000,null
na,women,75,999,1,0,0,5000,null
na,women,1,2,2,0,0,1400,null
na,women,3,5,2,0,0,1900,null
na,women,6,7,2,0,0,2400,null
na,women,8,9,2,0,0,2800,null
na,women,10,11,2,0,0,3500,null
na,women,12,14,2,0,0,4300,null
na,women,15,17,2,0,0,4600,null
na,women,18,29,2,0,0,5000,null
na,women,30,49,2,0,0,5000,null
na,women,50,64,2,0,0,5000,null
na,women,65,74,2,0,0,5000,null
na,women,75,999,2,0,0,5000,null
na,women,1,2,3,0,0,1400,null
na,women,3,5,3,0,0,1900,null
na,women,6,7,3,0,0,2400,null
na,women,8,9,3,0,0,2800,null
na,women,10,11,3,0,0,3500,null
na,women,12,14,3,0,0,4300,null
na,women,15,17,3,0,0,4600,null
na,women,18,29,3,0,0,5000,null
na,women,30,49,3,0,0,5000,null
na,women,50,64,3,0,0,5000,null
na,women,65,74,3,0,0,5000,null
na,women,75,999,3,0,0,5000,null
k,men,1,2,1,0,0,900,null
k,men,3,5,1,0,0,1400,null
k,men,6,7,1,0,0,1800,null
k,men,8,9,1,0,0,2000,null
k,men,10,11,1,0,0,2200,null
k,men,12,14,1,0,0,2400,null
k,men,15,17,1,0,0,3000,null
k,men,18,29,1,0,0,3000,null
k,men,30,49,1,0,0,3000,null
k,men,50,64,1,0,0,3000,null
k,men,65,74,1,0,0,3000,null
k,men,75,999,1,0,0,3000,null
k,men,1,2,2,0,0,900,null
k,men,3,5,2,0,0,1400,null
k,men,6,7,2,0,0,1800,null
k,men,8,9,2,0,0,2000,null
k,men,10,11,2,0,0,2200,null
k,men,12,14,2,0,0,2400,null
k,men,15,17,2,0,0,3000,null
k,men,18,29,2,0,0,3000,null
k,men,30,49,2,0,0,3000,null
k,men,50,64,2,0,0,3000,null
k,men,65,74,2,0,0,3000,null
k,men,75,999,2,0,0,3000,null
k,men,1,2,3,0,0,900,null
k,men,3,5,3,0,0,1400,null
k,men,6,7,3,0,0,1800,null
k,men,8,9,3,0,0,2000,null
k,men,10,11,3,0,0,2200,null
k,men,12,14,3,0,0,2400,null
k,men,15,17,3,0,0,3000,null
k,men,18,29,3,0,0,3000,null
k,men,30,49,3,0,0,3000,null
k,men,50,64,3,0,0,3000,null
k,men,65,74,3,0,0,3000,null
k,men,75,999,3,0,0,3000,null
k,women,1,2,1,0,0,900,null
k,women,3,5,1,0,0,1400,null
k,women,6,7,1,0,0,1800,null
k,women,8,9,1,0,0,2000,null
k,women,10,11,1,0,0,2000,null
k,women,12,14,1,0,0,2400,null
k,women,15,17,1,0,0,2600,null
k,women,18,29,1,0,0,2600,null
k,women,30,49,1,0,0,2600,null
k,women,50,64,1,0,0,2600,null
k,women,65,74,1,0,0,2600,null
k,women,75,999,1,0,0,2600,null
k,women,1,2,2,0,0,900,null
k,women,3,5,2,0,0,1400,null
k,women,6,7,2,0,0,1800,null
k,women,8,9,2,0,0,2000,null
k,women,10,11,2,0,0,2000,null
k,women,12,14,2,0,0,2400,null
k,women,15,17,2,0,0,2600,null
k,women,18,29,2,0,0,2600,null
k,women,30,49,2,0,0,2600,null
k,women,50,64,2,0,0,2600,null
k,women,65,74,2,0,0,2600,null
k,women,75,999,2,0,0,2600,null
k,women,1,2,3,0,0,900,null
k,women,3,5,3,0,0,1400,null
k,women,6,7,3,0,0,1800,null
k,women,8,9,3,0,0,2000,null
k,women,10,11,3,0,0,2000,null
k,women,12,14,3,0,0,2400,null
k,women,15,17,3,0,0,2600,null
k,women,18,29,3,0,0,2600,null
k,women,30,49,3,0,0,2600,null
k,women,50,64,3,0,0,2600,null
k,women,65,74,3,0,0,2600,null
k,women,75,999,3,0,0,2600,null
ca,men,1,2,1,0,0,450,null
ca,men,3,5,1,0,0,600,null
ca,men,6,7,1,0,0,600,null
ca,men,8,9,1,0,0,650,null
ca,men,10,11,1,0,0,700,null
ca,men,12,14,1,0,0,1000,null
ca,men,15,17,1,0,0,800,null
ca,men,18,29,1,0,0,800,null
ca,men,30,49,1,0,0,750,null
ca,men,50,64,1,0,0,750,null
ca,men,65,74,1,0,0,750,null
ca,men,75,999,1,0,0,700,null
ca,men,1,2,2,0,0,450,null
ca,men,3,5,2,0,0,600,null
ca,men,6,7,2,0,0,600,null
ca,men,8,9,2,0,0,650,null
ca,men,10,11,2,0,0,700,null
ca,men,12,14,2,0,0,1000,null
ca,men,15,17,2,0,0,800,null
ca,men,18,29,2,0,0,800,null
ca,men,30,49,2,0,0,750,null
ca,men,50,64,2,0,0,750,null
ca,men,65,74,2,0,0,750,null
ca,men,75,999,2,0,0,700,null
ca,men,1,2,3,0,0,450,null
ca,men,3,5,3,0,0,600,null
ca,men,6,7,3,0,0,600,null
ca,men,8,9,3,0,0,650,null
ca,men,10,11,3,0,0,700,null
ca,men,12,14,3,0,0,1000,null
ca,men,15,17,3,0,0,800,null
ca,men,18,29,3,0,0,800,null
ca,men,30,49,3,0,0,750,null
ca,men,50,64,3,0,0,750,null
ca,men,65,74,3,0,0,750,null
ca,men,75,999,3,0,0,700,null
ca,women,1,2,1,0,0,400,null
ca,women,3,5,1,0,0,550,null
ca,women,6,7,1,0,0,550,null
ca,women,8,9,1,0,0,750,null
ca,women,10,11,1,0,0,750,null
ca,women,12,14,1,0,0,800,null
ca,women,15,17,1,0,0,650,null
ca,women,18,29,1,0,0,650,null
ca,women,30,49,1,0,0,650,null
ca,women,50,64,1,0,0,650,null
ca,women,65,74,1,0,0,650,null
ca,women,75,999,1,0,0,600,null
ca,women,1,2,2,0,0,400,null
ca,women,3,5,2,0,0,550,null
ca,women,6,7,2,0,0,550,null
ca,women,8,9,2,0,0,750,null
ca,women,10,11,2,0,0,750,null
ca,women,12,14,2,0,0,800,null
ca,women,15,17,2,0,0,650,null
ca,women,18,29,2,0,0,650,null
ca,women,30,49,2,0,0,650,null
ca,women,50,64,2,0,0,650,null
ca,women,65,74,2,0,0,650,null
ca,women,75,999,2,0,0,600,null
ca,women,1,2,3,0,0,400,null
ca,women,3,5,3,0,0,550,null
ca,women,6,7,3,0,0,550,null
ca,women,8,9,3,0,0,750,null
ca,women,10,11,3,0,0,750,null
ca,women,12,14,3,0,0,800,null
ca,women,15,17,3,0,0,650,null
ca,women,18,29,3,0,0,650,null
ca,women,30,49,3,0,0,650,null
ca,women,50,64,3,0,0,650,null
ca,women,65,74,3,0,0,650,null
ca,women,75,999,3,0,0,600,null
mg,men,1,2,1,0,0,70,null
mg,men,3,5,1,0,0,100,null
mg,men,6,7,1,0,0,130,null
mg,men,8,9,1,0,0,170,null
mg,men,10,11,1,0,0,210,null
mg,men,12,14,1,0,0,290,null
mg,men,15,17,1,0,0,360,null
mg,men,18,29,1,0,0,340,null
mg,men,30,49,1,0,0,370,null
mg,men,50,64,1,0,0,370,null
mg,men,65,74,1,0,0,350,null
mg,men,75,999,1,0,0,320,null
mg,men,1,2,2,0,0,70,null
mg,men,3,5,2,0,0,100,null
mg,men,6,7,2,0,0,130,null
mg,men,8,9,2,0,0,170,null
mg,men,10,11,2,0,0,210,null
mg,men,12,14,2,0,0,290,null
mg,men,15,17,2,0,0,360,null
mg,men,18,29,2,0,0,340,null
mg,men,30,49,2,0,0,370,null
mg,men,50,64,2,0,0,370,null
mg,men,65,74,2,0,0,350,null
mg,men,75,999,2,0,0,320,null
mg,men,1,2,3,0,0,70,null
mg,men,3,5,3,0,0,100,null
mg,men,6,7,3,0,0,130,null
mg,men,8,9,3,0,0,170,null
mg,men,10,11,3,0,0,210,null
mg,men,12,14,3,0,0,290,null
mg,men,15,17,3,0,0,360,null
mg,men,18,29,3,0,0,340,null
mg,men,30,49,3,0,0,370,null
mg,men,50,64,3,0,0,370,null
mg,men,65,74,3,0,0,350,null
mg,men,75,999,3,0,0,320,null
mg,women,1,2,1,0,0,70,null
mg,women,3,5,1,0,0,100,null
mg,women,6,7,1,0,0,130,null
mg,women,8,9,1,0,0,160,null
mg,women,10,11,1,0,0,220,null
mg,women,12,14,1,0,0,290,null
mg,women,15,17,1,0,0,310,null
mg,women,18,29,1,0,0,270,null
mg,women,30,49,1,0,0,290,null
mg,women,50,64,1,0,0,290,null
mg,women,65,74,1,0,0,280,null
mg,women,75,999,1,0,0,260,null
mg,women,1,2,2,0,0,70,null
mg,women,3,5,2,0,0,100,null
mg,women,6,7,2,0,0,130,null
mg,women,8,9,2,0,0,160,null
mg,women,10,11,2,0,0,220,null
mg,women,12,14,2,0,0,290,null
mg,women,15,17,2,0,0,310,null
mg,women,18,29,2,0,0,270,null
mg,women,30,49,2,0,0,290,null
mg,women,50,64,2,0,0,290,null
mg,women,65,74,2,0,0,280,null
mg,women,75,999,2,0,0,260,null
mg,women,1,2,3,0,0,70,null
mg,women,3,5,3,0,0,100,null
mg,women,6,7,3,0,0,130,null
mg,women,8,9,3,0,0,160,null
mg,women,10,11,3,0,0,220,null
mg,women,12,14,3,0,0,290,null
mg,women,15,17,3,0,0,310,null
mg,women,18,29,3,0,0,270,null
mg,women,30,49,3,0,0,290,null
mg,women,50,64,3,0,0,290,null
mg,women,65,74,3,0,0,280,null
mg,women,75,999,3,0,0,260,null
p,men,1,2,1,0,0,500,null
p,men,3,5,1,0,0,700,null
p,men,6,7,1,0,0,900,null
p,men,8,9,1,0,0,1000,null
p,men,10,11,1,0,0,1100,null
p,men,12,14,1,0,0,1200,null
p,men,15,17,1,0,0,1200,null
p,men,18,29,1,0,0,1000,null
p,men,30,49,1,0,0,1000,null
p,men,50,64,1,0,0,1000,null
p,men,65,74,1,0,0,1000,null
p,men,75,999,1,0,0,1000,null
p,men,1,2,2,0,0,500,null
p,men,3,5,2,0,0,700,null
p,men,6,7,2,0,0,900,null
p,men,8,9,2,0,0,1000,null
p,men,10,11,2,0,0,1100,null
p,men,12,14,2,0,0,1200,null
p,men,15,17,2,0,0,1200,null
p,men,18,29,2,0,0,1000,null
p,men,30,49,2,0,0,1000,null
p,men,50,64,2,0,0,1000,null
p,men,65,74,2,0,0,1000,null
p,men,75,999,2,0,0,1000,null
p,men,1,2,3,0,0,500,null
p,men,3,5,3,0,0,700,null
p,men,6,7,3,0,0,900,null
p,men,8,9,3,0,0,1000,null
p,men,10,11,3,0,0,1100,null
p,men,12,14,3,0,0,1200,null
p,men,15,17,3,0,0,1200,null
p,men,18,29,3,0,0,1000,null
p,men,30,49,3,0,0,1000,null
p,men,50,64,3,0,0,1000,null
p,men,65,74,3,0,0,1000,null
p,men,75,999,3,0,0,1000,null
p,women,1,2,1,0,0,500,null
p,women,3,5,1,0,0,700,null
p,women,6,7,1,0,0,800,null
p,women,8,9,1,0,0,1000,null
p,women,10,11,1,0,0,1000,null
p,women,12,14,1,0,0,1000,null
p,women,15,17,1,0,0,900,null
p,women,18,29,1,0,0,800,null
p,women,30,49,1,0,0,800,null
p,women,50,64,1,0,0,800,null
p,women,65,74,1,0,0,800,null
p,women,75,999,1,0,0,800,null
p,women,1,2,2,0,0,500,null
p,women,3,5,2,0,0,700,null
p,women,6,7,2,0,0,800,null
p,women,8,9,2,0,0,1000,null
p,women,10,11,2,0,0,1000,null
p,women,12,14,2,0,0,1000,null
p,women,15,17,2,0,0,900,null
p,women,18,29,2,0,0,800,null
p,women,30,49,2,0,0,800,null
p,women,50,64,2,0,0,800,null
p,women,65,74,2,0,0,800,null
p,women,75,999,2,0,0,800,null
p,women,1,2,3,0,0,500,null
p,women,3,5,3,0,0,700,null
p,women,6,7,3,0,0,800,null
p,women,8,9,3,0,0,1000,null
p,women,10,11,3,0,0,1000,null
p,women,12,14,3,0,0,1000,null
p,women,15,17,3,0,0,900,null
p,women,18,29,3,0,0,800,null
p,women,30,49,3,0,0,800,null
p,women,50,64,3,0,0,800,null
p,women,65,74,3,0,0,800,null
p,women,75,999,3,0,0,800,null
fe,men,1,2,1,0,0,4.5,null
fe,men,3,5,1,0,0,5.5,null
fe,men,6,7,1,0,0,5.5,null
fe,men,8,9,1,0,0,7,null
fe,men,10,11,1,0,0,8.5,null
fe,men,12,14,1,0,0,10,null
fe,men,15,17,1,0,0,10,null
fe,men,18,29,1,0,0,7.5,null
fe,men,30,49,1,0,0,7.5,null
fe,men,50,64,1,0,0,7.5,null
fe,men,65,74,1,0,0,7.5,null
fe,men,75,999,1,0,0,7,null
fe,men,1,2,2,0,0,4.5,null
fe,men,3,5,2,0,0,5.5,null
fe,men,6,7,2,0,0,5.5,null
fe,men,8,9,2,0,0,7,null
fe,men,10,11,2,0,0,8.5,null
fe,men,12,14,2,0,0,10,null
fe,men,15,17,2,0,0,10,null
fe,men,18,29,2,0,0,7.5,null
fe,men,30,49,2,0,0,7.5,null
fe,men,50,64,2,0,0,7.5,null
fe,men,65,74,2,0,0,7.5,null
fe,men,75,999,2,0,0,7,null
fe,men,1,2,3,0,0,4.5,null
fe,men,3,5,3,0,0,5.5,null
fe,men,6,7,3,0,0,5.5,null
fe,men,8,9,3,0,0,7,null
fe,men,10,11,3,0,0,8.5,null
fe,men,12,14,3,0,0,10,null
fe,men,15,17,3,0,0,10,null
fe,men,18,29,3,0,0,7.5,null
fe,men,30,49,3,0,0,7.5,null
fe,men,50,64,3,0,0,7.5,null
fe,men,65,74,3,0,0,7.5,null
fe,men,75,999,3,0,0,7,null
fe,women,1,2,1,0,0,4.5,null
fe,women,3,5,1,0,0,5.5,null
fe,women,6,7,1,0,0,5.5,null
fe,women,8,9,1,0,0,7.5,null
fe,women,10,11,1,0,0,8.5,null
fe,women,12,14,1,0,0,8.5,null
fe,women,15,17,1,0,0,7,null
fe,women,18,29,1,0,0,6.5,null
fe,women,30,49,1,0,0,6.5,null
fe,women,50,64,1,0,0,6.5,null
fe,women,65,74,1,0,0,6,null
fe,women,75,999,1,0,0,6,null
fe,women,1,2,2,0,0,4.5,null
fe,women,3,5,2,0,0,5.5,null
fe,women,6,7,2,0,0,5.5,null
fe,women,8,9,2,0,0,7.5,null
fe,women,10,11,2,0,0,8.5,null
fe,women,12,14,2,0,0,8.5,null
fe,women,15,17,2,0,0,7,null
fe,women,18,29,2,0,0,6.5,null
fe,women,30,49,2,0,0,6.5,null
fe,women,50,64,2,0,0,6.5,null
fe,women,65,74,2,0,0,6,null
fe,women,75,999,2,0,0,6,null
fe,women,1,2,3,0,0,4.5,null
fe,women,3,5,3,0,0,5.5,null
fe,women,6,7,3,0,0,5.5,null
fe,women,8,9,3,0,0,7.5,null
fe,women,10,11,3,0,0,8.5,null
fe,women,12,14,3,0,0,8.5,null
fe,women,15,17,3,0,0,7,null
fe,women,18,29,3,0,0,6.5,null
fe,women,30,49,3,0,0,6.5,null
fe,women,50,64,3,0,0,6.5,null
fe,women,65,74,3,0,0,6,null
fe,women,75,999,3,0,0,6,null
zn,men,1,2,1,0,0,3,null
zn,men,3,5,1,0,0,4,null
zn,men,6,7,1,0,0,5,null
zn,men,8,9,1,0,0,6,null
zn,men,10,11,1,0,0,7,null
zn,men,12,14,1,0,0,10,null
zn,men,15,17,1,0,0,12,null
zn,men,18,29,1,0,0,11,null
zn,men,30,49,1,0,0,11,null
zn,men,50,64,1,0,0,11,null
zn,men,65,74,1,0,0,11,null
zn,men,75,999,1,0,0,10,null
zn,men,1,2,2,0,0,3,null
zn,men,3,5,2,0,0,4,null
zn,men,6,7,2,0,0,5,null
zn,men,8,9,2,0,0,6,null
zn,men,10,11,2,0,0,7,null
zn,men,12,14,2,0,0,10,null
zn,men,15,17,2,0,0,12,null
zn,men,18,29,2,0,0,11,null
zn,men,30,49,2,0,0,11,null
zn,men,50,64,2,0,0,11,null
zn,men,65,74,2,0,0,11,null
zn,men,75,999,2,0,0,10,null
zn,men,1,2,3,0,0,3,null
zn,men,3,5,3,0,0,4,null
zn,men,6,7,3,0,0,5,null
zn,men,8,9,3,0,0,6,null
zn,men,10,11,3,0,0,7,null
zn,men,12,14,3,0,0,10,null
zn,men,15,17,3,0,0,12,null
zn,men,18,29,3,0,0,11,null
zn,men,30,49,3,0,0,11,null
zn,men,50,64,3,0,0,11,null
zn,men,65,74,3,0,0,11,null
zn,men,75,999,3,0,0,10,null
zn,women,1,2,1,0,0,3,null
zn,women,3,5,1,0,0,3,null
zn,women,6,7,1,0,0,4,null
zn,women,8,9,1,0,0,5,null
zn,women,10,11,1,0,0,6,null
zn,women,12,14,1,0,0,8,null
zn,women,15,17,1,0,0,8,null
zn,women,18,29,1,0,0,8,null
zn,women,30,49,1,0,0,8,null
zn,women,50,64,1,0,0,8,null
zn,women,65,74,1,0,0,8,null
zn,women,75,999,1,0,0,8,null
zn,women,1,2,2,0,0,3,null
zn,women,3,5,2,0,0,3,null
zn,women,6,7,2,0,0,4,null
zn,women,8,9,2,0,0,5,null
zn,women,10,11,2,0,0,6,null
zn,women,12,14,2,0,0,8,null
zn,women,15,17,2,0,0,8,null
zn,women,18,29,2,0,0,8,null
zn,women,30,49,2,0,0,8,null
zn,women,50,64,2,0,0,8,null
zn,women,65,74,2,0,0,8,null
zn,women,75,999,2,0,0,8,null
zn,women,1,2,3,0,0,3,null
zn,women,3,5,3,0,0,3,null
zn,women,6,7,3,0,0,4,null
zn,women,8,9,3,0,0,5,null
zn,women,10,11,3,0,0,6,null
zn,women,12,14,3,0,0,8,null
zn,women,15,17,3,0,0,8,null
zn,women,18,29,3,0,0,8,null
zn,women,30,49,3,0,0,8,null
zn,women,50,64,3,0,0,8,null
zn,women,65,74,3,0,0,8,null
zn,women,75,999,3,0,0,8,null
cu,men,1,2,1,0,0,0.3,null
cu,men,3,5,1,0,0,0.4,null
cu,men,6,7,1,0,0,0.4,null
cu,men,8,9,1,0,0,0.5,null
cu,men,10,11,1,0,0,0.6,null
cu,men,12,14,1,0,0,0.8,null
cu,men,15,17,1,0,0,0.9,null
cu,men,18,29,1,0,0,0.9,null
cu,men,30,49,1,0,0,0.9,null
cu,men,50,64,1,0,0,0.9,null
cu,men,65,74,1,0,0,0.9,null
cu,men,75,999,1,0,0,0.8,null
cu,men,1,2,2,0,0,0.3,null
cu,men,3,5,2,0,0,0.4,null
cu,men,6,7,2,0,0,0.4,null
cu,men,8,9,2,0,0,0.5,null
cu,men,10,11,2,0,0,0.6,null
cu,men,12,14,2,0,0,0.8,null
cu,men,15,17,2,0,0,0.9,null
cu,men,18,29,2,0,0,0.9,null
cu,men,30,49,2,0,0,0.9,null
cu,men,50,64,2,0,0,0.9,null
cu,men,65,74,2,0,0,0.9,null
cu,men,75,999,2,0,0,0.8,null
cu,men,1,2,3,0,0,0.3,null
cu,men,3,5,3,0,0,0.4,null
cu,men,6,7,3,0,0,0.4,null
cu,men,8,9,3,0,0,0.5,null
cu,men,10,11,3,0,0,0.6,null
cu,men,12,14,3,0,0,0.8,null
cu,men,15,17,3,0,0,0.9,null
cu,men,18,29,3,0,0,0.9,null
cu,men,30,49,3,0,0,0.9,null
cu,men,50,64,3,0,0,0.9,null
cu,men,65,74,3,0,0,0.9,null
cu,men,75,999,3,0,0,0.8,null
cu,women,1,2,1,0,0,0.3,null
cu,women,3,5,1,0,0,0.3,null
cu,women,6,7,1,0,0,0.4,null
cu,women,8,9,1,0,0,0.5,null
cu,women,10,11,1,0,0,0.6,null
cu,women,12,14,1,0,0,0.8,null
cu,women,15,17,1,0,0,0.7,null
cu,women,18,29,1,0,0,0.7,null
cu,women,30,49,1,0,0,0.7,null
cu,women,50,64,1,0,0,0.7,null
cu,women,65,74,1,0,0,0.7,null
cu,women,75,999,1,0,0,0.7,null
cu,women,1,2,2,0,0,0.3,null
cu,women,3,5,2,0,0,0.3,null
cu,women,6,7,2,0,0,0.4,null
cu,women,8,9,2,0,0,0.5,null
cu,women,10,11,2,0,0,0.6,null
cu,women,12,14,2,0,0,0.8,null
cu,women,15,17,2,0,0,0.7,null
cu,women,18,29,2,0,0,0.7,null
cu,women,30,49,2,0,0,0.7,null
cu,women,50,64,2,0,0,0.7,null
cu,women,65,74,2,0,0,0.7,null
cu,women,75,999,2,0,0,0.7,null
cu,women,1,2,3,0,0,0.3,null
cu,women,3,5,3,0,0,0.3,null
cu,women,6,7,3,0,0,0.4,null
cu,women,8,9,3,0,0,0.5,null
cu,women,10,11,3,0,0,0.6,null
cu,women,12,14,3,0,0,0.8,null
cu,women,15,17,3,0,0,0.7,null
cu,women,18,29,3,0,0,0.7,null
cu,women,30,49,3,0,0,0.7,null
cu,women,50,64,3,0,0,0.7,null
cu,women,65,74,3,0,0,0.7,null
cu,women,75,999,3,0,0,0.7,null
mn,men,1,2,1,0,0,1.5,null
mn,men,3,5,1,0,0,1.5,null
mn,men,6,7,1,0,0,2,null
mn,men,8,9,1,0,0,2.5,null
mn,men,10,11,1,0,0,3,null
mn,men,12,14,1,0,0,4,null
mn,men,15,17,1,0,0,4.5,null
mn,men,18,29,1,0,0,4,null
mn,men,30,49,1,0,0,4,null
mn,men,50,64,1,0,0,4,null
mn,men,65,74,1,0,0,4,null
mn,men,75,999,1,0,0,4,null
mn,men,1,2,2,0,0,1.5,null
mn,men,3,5,2,0,0,1.5,null
mn,men,6,7,2,0,0,2,null
mn,men,8,9,2,0,0,2.5,null
mn,men,10,11,2,0,0,3,null
mn,men,12,14,2,0,0,4,null
mn,men,15,17,2,0,0,4.5,null
mn,men,18,29,2,0,0,4,null
mn,men,30,49,2,0,0,4,null
mn,men,50,64,2,0,0,4,null
mn,men,65,74,2,0,0,4,null
mn,men,75,999,2,0,0,4,null
mn,men,1,2,3,0,0,1.5,null
mn,men,3,5,3,0,0,1.5,null
mn,men,6,7,3,0,0,2,null
mn,men,8,9,3,0,0,2.5,null
mn,men,10,11,3,0,0,3,null
mn,men,12,14,3,0,0,4,null
mn,men,15,17,3,0,0,4.5,null
mn,men,18,29,3,0,0,4,null
mn,men,30,49,3,0,0,4,null
mn,men,50,64,3,0,0,4,null
mn,men,65,74,3,0,0,4,null
mn,men,75,999,3,0,0,4,null
mn,women,1,2,1,0,0,1.5,null
mn,women,3,5,1,0,0,1.5,null
mn,women,6,7,1,0,0,2,null
mn,women,8,9,1,0,0,2.5,null
mn,women,10,11,1,0,0,3,null
mn,women,12,14,1,0,0,4,null
mn,women,15,17,1,0,0,3.5,null
mn,women,18,29,1,0,0,3.5,null
mn,women,30,49,1,0,0,3.5,null
mn,women,50,64,1,0,0,3.5,null
mn,women,65,74,1,0,0,3.5,null
mn,women,75,999,1,0,0,3.5,null
mn,women,1,2,2,0,0,1.5,null
mn,women,3,5,2,0,0,1.5,null
mn,women,6,7,2,0,0,2,null
mn,women,8,9,2,0,0,2.5,null
mn,women,10,11,2,0,0,3,null
mn,women,12,14,2,0,0,4,null
mn,women,15,17,2,0,0,3.5,null
mn,women,18,29,2,0,0,3.5,null
mn,women,30,49,2,0,0,3.5,null
mn,women,50,64,2,0,0,3.5,null
mn,women,65,74,2,0,0,3.5,null
mn,women,75,999,2,0,0,3.5,null
mn,women,1,2,3,0,0,1.5,null
mn,women,3,5,3,0,0,1.5,null
mn,women,6,7,3,0,0,2,null
mn,women,8,9,3,0,0,2.5,null
mn,women,10,11,3,0,0,3,null
mn,women,12,14,3,0,0,4,null
mn,women,15,17,3,0,0,3.5,null
mn,women,18,29,3,0,0,3.5,null
mn,women,30,49,3,0,0,3.5,null
mn,women,50,64,3,0,0,3.5,null
mn,women,65,74,3,0,0,3.5,null
mn,women,75,999,3,0,0,3.5,null
id,men,1,2,1,0,0,50,null
id,men,3,5,1,0,0,60,null
id,men,6,7,1,0,0,75,null
id,men,8,9,1,0,0,90,null
id,men,10,11,1,0,0,110,null
id,men,12,14,1,0,0,140,null
id,men,15,17,1,0,0,140,null
id,men,18,29,1,0,0,130,null
id,men,30,49,1,0,0,130,null
id,men,50,64,1,0,0,130,null
id,men,65,74,1,0,0,130,null
id,men,75,999,1,0,0,130,null
id,men,1,2,2,0,0,50,null
id,men,3,5,2,0,0,60,null
id,men,6,7,2,0,0,75,null
id,men,8,9,2,0,0,90,null
id,men,10,11,2,0,0,110,null
id,men,12,14,2,0,0,140,null
id,men,15,17,2,0,0,140,null
id,men,18,29,2,0,0,130,null
id,men,30,49,2,0,0,130,null
id,men,50,64,2,0,0,130,null
id,men,65,74,2,0,0,130,null
id,men,75,999,2,0,0,130,null
id,men,1,2,3,0,0,50,null
id,men,3,5,3,0,0,60,null
id,men,6,7,3,0,0,75,null
id,men,8,9,3,0,0,90,null
id,men,10,11,3,0,0,110,null
id,men,12,14,3,0,0,140,null
id,men,15,17,3,0,0,140,null
id,men,18,29,3,0,0,130,null
id,men,30,49,3,0,0,130,null
id,men,50,64,3,0,0,130,null
id,men,65,74,3,0,0,130,null
id,men,75,999,3,0,0,130,null
id,women,1,2,1,0,0,50,null
id,women,3,5,1,0,0,60,null
id,women,6,7,1,0,0,75,null
id,women,8,9,1,0,0,90,null
id,women,10,11,1,0,0,110,null
id,women,12,14,1,0,0,140,null
id,women,15,17,1,0,0,140,null
id,women,18,29,1,0,0,130,null
id,women,30,49,1,0,0,130,null
id,women,50,64,1,0,0,130,null
id,women,65,74,1,0,0,130,null
id,women,75,999,1,0,0,130,null
id,women,1,2,2,0,0,50,null
id,women,3,5,2,0,0,60,null
id,women,6,7,2,0,0,75,null
id,women,8,9,2,0,0,90,null
id,women,10,11,2,0,0,110,null
id,women,12,14,2,0,0,140,null
id,women,15,17,2,0,0,140,null
id,women,18,29,2,0,0,130,null
id,women,30,49,2,0,0,130,null
id,women,50,64,2,0,0,130,null
id,women,65,74,2,0,0,130,null
id,women,75,999,2,0,0,130,null
id,women,1,2,3,0,0,50,null
id,women,3,5,3,0,0,60,null
id,women,6,7,3,0,0,75,null
id,women,8,9,3,0,0,90,null
id,women,10,11,3,0,0,110,null
id,women,12,14,3,0,0,140,null
id,women,15,17,3,0,0,140,null
id,women,18,29,3,0,0,130,null
id,women,30,49,3,0,0,130,null
id,women,50,64,3,0,0,130,null
id,women,65,74,3,0,0,130,null
id,women,75,999,3,0,0,130,null
se,men,1,2,1,0,0,10,null
se,men,3,5,1,0,0,15,null
se,men,6,7,1,0,0,15,null
se,men,8,9,1,0,0,20,null
se,men,10,11,1,0,0,25,null
se,men,12,14,1,0,0,30,null
se,men,15,17,1,0,0,35,null
se,men,18,29,1,0,0,30,null
se,men,30,49,1,0,0,30,null
se,men,50,64,1,0,0,30,null
se,men,65,74,1,0,0,30,null
se,men,75,999,1,0,0,30,null
se,men,1,2,2,0,0,10,null
se,men,3,5,2,0,0,15,null
se,men,6,7,2,0,0,15,null
se,men,8,9,2,0,0,20,null
se,men,10,11,2,0,0,25,null
se,men,12,14,2,0,0,30,null
se,men,15,17,2,0,0,35,null
se,men,18,29,2,0,0,30,null
se,men,30,49,2,0,0,30,null
se,men,50,64,2,0,0,30,null
se,men,65,74,2,0,0,30,null
se,men,75,999,2,0,0,30,null
se,men,1,2,3,0,0,10,null
se,men,3,5,3,0,0,15,null
se,men,6,7,3,0,0,15,null
se,men,8,9,3,0,0,20,null
se,men,10,11,3,0,0,25,null
se,men,12,14,3,0,0,30,null
se,men,15,17,3,0,0,35,null
se,men,18,29,3,0,0,30,null
se,men,30,49,3,0,0,30,null
se,men,50,64,3,0,0,30,null
se,men,65,74,3,0,0,30,null
se,men,75,999,3,0,0,30,null
se,women,1,2,1,0,0,10,null
se,women,3,5,1,0,0,10,null
se,women,6,7,1,0,0,15,null
se,women,8,9,1,0,0,20,null
se,women,10,11,1,0,0,25,null
se,women,12,14,1,0,0,30,null
se,women,15,17,1,0,0,25,null
se,women,18,29,1,0,0,25,null
se,women,30,49,1,0,0,25,null
se,women,50,64,1,0,0,25,null
se,women,65,74,1,0,0,25,null
se,women,75,999,1,0,0,25,null
se,women,1,2,2,0,0,10,null
se,women,3,5,2,0,0,10,null
se,women,6,7,2,0,0,15,null
se,women,8,9,2,0,0,20,null
se,women,10,11,2,0,0,25,null
se,women,12,14,2,0,0,30,null
se,women,15,17,2,0,0,25,null
se,women,18,29,2,0,0,25,null
se,women,30,49,2,0,0,25,null
se,women,50,64,2,0,0,25,null
se,women,65,74,2,0,0,25,null
se,women,75,999,2,0,0,25,null
se,women,1,2,3,0,0,10,null
se,women,3,5,3,0,0,10,null
se,women,6,7,3,0,0,15,null
se,women,8,9,3,0,0,20,null
se,women,10,11,3,0,0,25,null
se,women,12,14,3,0,0,30,null
se,women,15,17,3,0,0,25,null
se,women,18,29,3,0,0,25,null
se,women,30,49,3,0,0,25,null
se,women,50,64,3,0,0,25,null
se,women,65,74,3,0,0,25,null
se,women,75,999,3,0,0,25,null
cr,men,1,2,1,0,0,null,null
cr,men,3,5,1,0,0,null,null
cr,men,6,7,1,0,0,null,null
cr,men,8,9,1,0,0,null,null
cr,men,10,11,1,0,0,null,null
cr,men,12,14,1,0,0,null,null
cr,men,15,17,1,0,0,null,null
cr,men,18,29,1,0,0,10,null
cr,men,30,49,1,0,0,10,null
cr,men,50,64,1,0,0,10,null
cr,men,65,74,1,0,0,10,null
cr,men,75,999,1,0,0,10,null
cr,men,1,2,2,0,0,null,null
cr,men,3,5,2,0,0,null,null
cr,men,6,7,2,0,0,null,null
cr,men,8,9,2,0,0,null,null
cr,men,10,11,2,0,0,null,null
cr,men,12,14,2,0,0,null,null
cr,men,15,17,2,0,0,null,null
cr,men,18,29,2,0,0,10,null
cr,men,30,49,2,0,0,10,null
cr,men,50,64,2,0,0,10,null
cr,men,65,74,2,0,0,10,null
cr,men,75,999,2,0,0,10,null
cr,men,1,2,3,0,0,null,null
cr,men,3,5,3,0,0,null,null
cr,men,6,7,3,0,0,null,null
cr,men,8,9,3,0,0,null,null
cr,men,10,11,3,0,0,null,null
cr,men,12,14,3,0,0,null,null
cr,men,15,17,3,0,0,null,null
cr,men,18,29,3,0,0,10,null
cr,men,30,49,3,0,0,10,null
cr,men,50,64,3,0,0,10,null
cr,men,65,74,3,0,0,10,null
cr,men,75,999,3,0,0,10,null
cr,women,1,2,1,0,0,null,null
cr,women,3,5,1,0,0,null,null
cr,women,6,7,1,0,0,null,null
cr,women,8,9,1,0,0,null,null
cr,women,10,11,1,0,0,null,null
cr,women,12,14,1,0,0,null,null
cr,women,15,17,1,0,0,null,null
cr,women,18,29,1,0,0,10,null
cr,women,30,49,1,0,0,10,null
cr,women,50,64,1,0,0,10,null
cr,women,65,74,1,0,0,10,null
cr,women,75,999,1,0,0,10,null
cr,women,1,2,2,0,0,null,null
cr,women,3,5,2,0,0,null,null
cr,women,6,7,2,0,0,null,null
cr,women,8,9,2,0,0,null,null
cr,women,10,11,2,0,0,null,null
cr,women,12,14,2,0,0,null,null
cr,women,15,17,2,0,0,null,null
cr,women,18,29,2,0,0,10,null
cr,women,30,49,2,0,0,10,null
cr,women,50,64,2,0,0,10,null
cr,women,65,74,2,0,0,10,null
cr,women,75,999,2,0,0,10,null
cr,women,1,2,3,0,0,null,null
cr,women,3,5,3,0,0,null,null
cr,women,6,7,3,0,0,null,null
cr,women,8,9,3,0,0,null,null
cr,women,10,11,3,0,0,null,null
cr,women,12,14,3,0,0,null,null
cr,women,15,17,3,0,0,null,null
cr,women,18,29,3,0,0,10,null
cr,women,30,49,3,0,0,10,null
cr,women,50,64,3,0,0,10,null
cr,women,65,74,3,0,0,10,null
cr,women,75,999,3,0,0,10,null
mo,men,1,2,1,0,0,10,null
mo,men,3,5,1,0,0,10,null
mo,men,6,7,1,0,0,15,null
mo,men,8,9,1,0,0,20,null
mo,men,10,11,1,0,0,20,null
mo,men,12,14,1,0,0,25,null
mo,men,15,17,1,0,0,30,null
mo,men,18,29,1,0,0,30,null
mo,men,30,49,1,0,0,30,null
mo,men,50,64,1,0,0,30,null
mo,men,65,74,1,0,0,30,null
mo,men,75,999,1,0,0,25,null
mo,men,1,2,2,0,0,10,null
mo,men,3,5,2,0,0,10,null
mo,men,6,7,2,0,0,15,null
mo,men,8,9,2,0,0,20,null
mo,men,10,11,2,0,0,20,null
mo,men,12,14,2,0,0,25,null
mo,men,15,17,2,0,0,30,null
mo,men,18,29,2,0,0,30,null
mo,men,30,49,2,0,0,30,null
mo,men,50,64,2,0,0,30,null
mo,men,65,74,2,0,0,30,null
mo,men,75,999,2,0,0,25,null
mo,men,1,2,3,0,0,10,null
mo,men,3,5,3,0,0,10,null
mo,men,6,7,3,0,0,15,null
mo,men,8,9,3,0,0,20,null
mo,men,10,11,3,0,0,20,null
mo,men,12,14,3,0,0,25,null
mo,men,15,17,3,0,0,30,null
mo,men,18,29,3,0,0,30,null
mo,men,30,49,3,0,0,30,null
mo,men,50,64,3,0,0,30,null
mo,men,65,74,3,0,0,30,null
mo,men,75,999,3,0,0,25,null
mo,women,1,2,1,0,0,10,null
mo,women,3,5,1,0,0,10,null
mo,women,6,7,1,0,0,15,null
mo,women,8,9,1,0,0,15,null
mo,women,10,11,1,0,0,20,null
mo,women,12,14,1,0,0,25,null
mo,women,15,17,1,0,0,25,null
mo,women,18,29,1,0,0,25,null
mo,women,30,49,1,0,0,25,null
mo,women,50,64,1,0,0,25,null
mo,women,65,74,1,0,0,25,null
mo,women,75,999,1,0,0,25,null
mo,women,1,2,2,0,0,10,null
mo,women,3,5,2,0,0,10,null
mo,women,6,7,2,0,0,15,null
mo,women,8,9,2,0,0,15,null
mo,women,10,11,2,0,0,20,null
mo,women,12,14,2,0,0,25,null
mo,women,15,17,2,0,0,25,null
mo,women,18,29,2,0,0,25,null
mo,women,30,49,2,0,0,25,null
mo,women,50,64,2,0,0,25,null
mo,women,65,74,2,0,0,25,null
mo,women,75,999,2,0,0,25,null
mo,women,1,2,3,0,0,10,null
mo,women,3,5,3,0,0,10,null
mo,women,6,7,3,0,0,15,null
mo,women,8,9,3,0,0,15,null
mo,women,10,11,3,0,0,20,null
mo,women,12,14,3,0,0,25,null
mo,women,15,17,3,0,0,25,null
mo,women,18,29,3,0,0,25,null
mo,women,30,49,3,0,0,25,null
mo,women,50,64,3,0,0,25,null
mo,women,65,74,3,0,0,25,null
mo,women,75,999,3,0,0,25,null
